Distance	Type	Venue	City	State
0.0	NE-FEST	Northern Current: A Community Music Festival	Saranac Lake	NY
0.0	NE-FEST	Music on the Green	Saranac Lake	NY
0.0	NE-VENUE	RiverTrail Beerworks	Saranac Lake	NY
0.0	NE-VENUE	Bitters & Bones	Saranac Lake	NY
0.0	NE-VENUE	Hotel Saranac, Curio Collection by Hilton	Saranac Lake	NY
0.0	NE-THEATRE	The Garagery	Saranac Lake	NY
0.0	NE-VENUE	Waterhole	Saranac Lake	NY
0.0	NE-FEST	Saranac Lake Porchfest	Saranac Lake	NY
5.3	NE-VENUE	Hex and Hop Brewing	Bloomingdale	NY
8.1	NE-FEST	Songs at Mirror Lake (Lake Placid Summer Series)	Lake Placid	NY
8.1	NE-VENUE	Grand Adirondack Hotel	Lake Placid	NY
8.1	NE-VENUE	Hampton Inn & Suites	Lake Placid	NY
8.1	NE-VENUE	The Pickled Pig	Lake Placid	NY
8.1	NE-VENUE	Big Z's	Lake Placid	NY
11.1	NE-VENUE	The Station	Onchiota	NY
16.1	NE-VENUE	Twisted Raven	Wilmington	NY
17.5	NE-LIBRARY	Keene Valley Library	Keene	NY
18.0	NE-VENUE	Raquette River Brewing	Tupper Lake	NY
18.0	NE-VENUE	P-2's Irish Pub	Tupper Lake	NY
20.8	NE-VENUE	NewVida Preserve	Jay	NY
20.8	NE-THEATRE	Upper Jay Arts Center	Jay	NY
23.1	NE-VENUE	Ray Brook Brewhouse	Essex County	NY
23.8	NE-VENUE	20 Main Tavern	Au Sable Forks	NY
23.8	NE-LIBRARY	Au Sable Forks Free Library	Au Sable Forks	NY
27.1	NE-VENUE	Sugarloaf Mountain Inn, Cabins & Dining Lodge	Owls Head	NY
27.1	NE-VENUE	Trailside Bar & Restaurant	Owls Head	NY
27.1	NE-LIBRARY	Long Lake Public Library	Long Lake	NY
32.5	NE-VENUE	Paradox Brewery	North Hudson	NY
34.3	NE-VENUE	Ausable Brewing Company	Keeseville	NY
34.3	NE-VENUE	Highlands Vineyard	Keeseville	NY
34.3	NE-LIBRARY	Keeseville Free Library	Keeseville	NY
34.5	NE-VENUE	The Old Miners Tavern	Mineville	NY
35.5	NE-FEST	Ausable Chasm Summer Concert Series	Ausable Chasm	NY
36.3	NE-VENUE	Old Orchard Place	Willsboro	NY
36.3	NE-VENUE	Adirondack Lake Center for the Arts	Blue Mountain Lake	NY
36.7	NE-THEATRE	Whallonsburg Grange	Whallonsburg	NY
36.8	NE-VENUE	Titus Mountain	Malone	NY
36.8	NE-VENUE	Cafe Nouveaux	Malone	NY
36.8	NE-VENUE	Mo's Pub & Grill	Malone	NY
36.8	NE-VENUE	The Pines Tap & Table	Malone	NY
36.8	NE-VENUE	Downtown Artist Cellar	Malone	NY
38.4	NE-FEST	Adirondack Folk Festival	Schroon Lake	NY
38.4	NE-VENUE	Sticks & Stones	Schroon Lake	NY
38.4	NE-VENUE	The Lodge at Schroon Lake	Schroon Lake	NY
38.5	NE-VENUE	Indian Lake Restaurant, Tavern and Liquor Store	Indian Lake	NY
41.7	NE-VENUE	Garnett Hill Lodge	North River	NY
42.1	NE-FEST	Parks Come Alive	Plattsburgh	NY
42.1	NE-VENUE	Cabana Beach Bar	Plattsburgh	NY
42.1	NE-VENUE	Peadbody's	Plattsburgh	NY
42.1	NE-VENUE	Valcour Brewing	Plattsburgh	NY
42.1	NE-VENUE	Jaxtaposed Creations	Plattsburgh	NY
42.1	NE-VENUE	Koffee Kat	Plattsburgh	NY
42.1	NE-VENUE	Naked Turtle	Plattsburgh	NY
42.1	NE-VENUE	Olive Ridley's	Plattsburgh	NY
42.1	NE-VENUE	Busters	Plattsburgh	NY
42.1	NE-VENUE	Monopole	Plattsburgh	NY
42.1	NE-VENUE	ADK Fox Brewing	Plattsburgh	NY
42.8	NE-VENUE	Raquette River Pub	Colton	NY
44.4	NE-VENUE	Beck's Tavern	North Creek	NY
44.8	NE-VENUE	Shelburne Vineyard	Shelburne	VT
46.1	NE-VENUE	Twin Lakes Hotel (The Hotel Without Rooms)	Star Lake	NY
46.5	NE-FEST	Grand Point North	Burlington	VT
46.5	NE-FEST	BCA Summer Concert Series	Burlington	VT
46.5	NE-VENUE	Hotel Champlain Burlington, Curio Collection by Hilton	Burlington	VT
46.5	NE-VENUE	Halvorsons	Burlington	VT
46.5	NE-VENUE	Foam Brewers - Burlington Waterfront	Burlington	VT
46.5	NE-VENUE	The Old Post	Burlington	VT
46.5	NE-VENUE	Bleu Northeast Seafood	Burlington	VT
46.5	NE-VENUE	Burlington Beer Company	Burlington	VT
46.5	NE-VENUE	Halvorson's	Burlington	VT
46.5	NE-VENUE	Skinny Pancake	Burlington	VT
46.5	NE-VENUE	Switchback Brewing Co.	Burlington	VT
46.5	NE-VENUE	Venician Soda Lounge	Burlington	VT
46.5	NE-THEATRE	Higher Ground	Burlington	VT
46.5	NE-VENUE	Radio Bean / Light Club Lamp Shop	Burlington	VT
46.5	NE-HOUSE	Lakeshore Community Event Series ( LCES)	Burlington	VT
46.5	NE-LIBRARY	Fletcher Free Library (Community Music Series)	Burlington	VT
46.5	NE-RADIO	WRUV	Burlington	VT
48.0	NE-VENUE	Maxfields	Potsdam	NY
48.0	NE-VENUE	McDuff's Pub	Potsdam	NY
48.0	NE-LIBRARY	Potsdam Public Library	Potsdam	NY
48.4	NE-VENUE	Maddens Pub	Ticonderoga	NY
48.4	NE-VENUE	Seymour's Restaurant & Tap Room	Ticonderoga	NY
48.5	NE-VENUE	The Hub	Brant Lake	NY
50.0	NE-VENUE	Stine Orchard	Monkton	VT
50.4	NE-VENUE	Lincoln Peak Vineyard	New Haven	VT
51.5	NE-VENUE	Akwesasne Mohawk Casino Resort	Hogansburg	NY
51.5	NE-RADIO	CKON	Hogansburg	NY
51.6	NE-VENUE	Black Flannel Brewing Co.	Essex	VT
52.5	NE-FEST	Middlebury Festival on the Green	Middlebury	VT
52.5	NE-THEATRE	Town Hall Theater	Middlebury	VT
52.5	NE-RADIO	WRMC	Middlebury	VT
53.6	NE-FEST	Silver Bay’s Mountain Music Festival	Silver Bay	NY
53.8	NE-VENUE	The Tillerman	Bristol	VT
54.4	NE-RADIO	NCPR	Canton	NY
54.6	NE-VENUE	The North Hero House Inn & Restaurant	North Hero	VT
54.6	NE-VENUE	Two Heroes Grill and Tiki Bar	North Hero	VT
55.8	NE-VENUE	Gristmill Brewery	Massena	NY
56.1	NE-FEST	Music on the Point	Speculator	NY
56.1	NE-VENUE	Lemon Tree Brewery	Speculator	NY
56.4	NE-VENUE	Bolton Valley Resort	Richmond	VT
57.2	NE-VENUE	Jericho Cafe & Tavern	Jericho	VT
58.4	NE-VENUE	Frederick's Restaurant and Lounge	Bolton Landing	NY
58.4	NE-VENUE	The Gem	Bolton Landing	NY
59.9	NE-VENUE	Adirondack League Club	Old Forge	NY
59.9	NE-VENUE	Slickers Adirondack Tavern	Old Forge	NY
59.9	NE-VENUE	View Arts Center	Old Forge	NY
60.2	NE-VENUE	Bandstand Brew Works	Warrensburg	NY
60.2	NE-VENUE	Trackside Tavern	Harrisville	NY
60.3	NE-VENUE	Blue Water Manor	Bolton	NY
60.3	NE-VENUE	The Barrel	Bolton	NY
61.0	NE-VENUE	Oxbow Inn	Lake Pleasant	NY
61.4	NE-VENUE	Mill River Brewing BBQ & Smokehouse	Saint Albans City	VT
61.4	NE-FEST	Vermont Maple Music Fest	St. Albans	VT
61.4	NE-VENUE	Twiggs - An American Gastropub	St. Albans	VT
63.5	NE-VENUE	Red Clover Ale Co	Brandon	VT
63.5	NE-VENUE	Brandon Inn	Brandon	VT
65.5	NE-FEST	Green Mountain Acoustic Fest	Waitsfield	VT
65.5	NE-VENUE	Lawson's Finest Liquids	Waitsfield	VT
65.5	NE-VENUE	Afterthoughts	Waitsfield	VT
65.8	NE-FEST	Adirondack Independence Music Festival	Lake George	NY
65.8	NE-FEST	Lake George Summer Concert Series	Lake George	NY
65.8	NE-VENUE	Christie's On the Lake	Lake George	NY
65.8	NE-VENUE	Duffy's Tavern	Lake George	NY
65.8	NE-VENUE	Lake George Beach Club	Lake George	NY
65.8	NE-VENUE	Lighthouse Grill	Lake George	NY
65.8	NE-VENUE	The Boardwalk Restaurant and Marina	Lake George	NY
65.8	NE-VENUE	The Boathouse Restaurant	Lake George	NY
65.8	NE-VENUE	The Garrison	Lake George	NY
66.1	NE-VENUE	Lake Bomoseen Lodge and Taproom	Bomoseen	VT
68.0	NE-THEATRE	Zen Barn	Waterbury	VT
69.9	NE-VENUE	Coachlight Inn	Brantingham	NY
70.7	NE-VENUE	Adirondack Winery	Queensbury	NY
70.7	NE-VENUE	Northway Brewing Co.	Queensbury	NY
71.4	NE-FEST	Ogdensburg International Seaway Festival	Ogdensburg	NY
71.4	NE-VENUE	The Bayside Grill	Ogdensburg	NY
71.4	NE-VENUE	The East Branch Inn	Ogdensburg	NY
72.0	NE-FEST	Green Mountain Songbird Festival	Stowe	VT
72.3	NE-VENUE	Uncle Mario's Garage	Glens Falls North	NY
74.5	NE-VENUE	Kitch A Vibe	Glens Falls	NY
74.5	NE-VENUE	The Grateful Den	Glens Falls	NY
74.5	NE-VENUE	The Shirt Factory	Glens Falls	NY
74.5	NE-THEATRE	The Park Theater	Glens Falls	NY
74.5	NE-LIBRARY	Crandall Public Library	Glens Falls	NY
74.5	NE-VENUE	Queensbury Hotel	Glens Falls	NY
74.5	NE-RADIO	WGFR	Glens Falls	NY
76.1	NE-FEST	Friday Night Live	Rutland	VT
79.7	NE-VENUE	Otter Lake Station	Forestport	NY
81.1	NE-FEST	Cooler in the Mountains Concert Series	Killington	VT
82.0	NE-VENUE	Dancing Grain Farm Brewery	Gansevoort	NY
82.0	NE-VENUE	Holy Moses Tavern	Gansevoort	NY
82.5	NE-VENUE	Better Farm	Redwood	NY
83.5	NE-VENUE	Constableville Ice Rink	Constableville	NY
83.8	NE-FEST	Boonville Porchfest	Boonville	NY
84.6	NE-VENUE	Vrooman's Hotel Inc	Caroga Lake	NY
84.9	NE-VENUE	Lanzi's on the Lake	Mayfield	NY
85.5	NE-VENUE	SingleCut North and Side Stage Tap Room	Saratoga County	NY
85.5	NE-VENUE	Trick Shot Billiard Hall & Wicked Eatery , Pub & Entertainment	Saratoga County	NY
87.8	NE-VENUE	Putnam Place	Saratoga Springs	NY
87.8	NE-VENUE	Embassy Suites by Hilton Saratoga Springs	Saratoga Springs	NY
87.8	NE-VENUE	Saratoga Casino Hotel	Saratoga Springs	NY
87.8	NE-VENUE	The Bourbon Room	Saratoga Springs	NY
87.8	NE-VENUE	The Ice House	Saratoga Springs	NY
87.8	NE-VENUE	550 Waterfront	Saratoga Springs	NY
87.8	NE-VENUE	Cooperstown Distillery Beverage Exchange at Saratoga	Saratoga Springs	NY
87.8	NE-VENUE	Desperate Annie's	Saratoga Springs	NY
87.8	NE-VENUE	Druthers Brewing Company	Saratoga Springs	NY
87.8	NE-VENUE	Henry Street Taproom	Saratoga Springs	NY
87.8	NE-VENUE	King's Tavern	Saratoga Springs	NY
87.8	NE-VENUE	Mittler’s Market and Bodega Bar	Saratoga Springs	NY
87.8	NE-VENUE	The Night Owl	Saratoga Springs	NY
87.8	NE-VENUE	Whitman Brewing Company and Walt Cafe	Saratoga Springs	NY
87.8	NE-THEATRE	Caffè Lena	Saratoga Springs	NY
87.8	NE-VENUE	The Inn at Saratoga	Saratoga Springs	NY
87.8	NE-RADIO	WSPN	Saratoga Springs	NY
87.8	NE-VENUE	The Parting Glass	Saratoga Springs	NY
87.8	NE-VENUE	Artisanal Brew Works	Saratoga Springs	NY
87.9	NE-VENUE	Great Sacandaga Brewing Co.	Broadalbin	NY
88.3	NE-VENUE	Riveredge Resort	Alexandria Bay	NY
88.3	NE-VENUE	Boldt Castle & Boldt Yacht House	Alexandria Bay	NY
88.3	NE-VENUE	Cavallario's Steak & Seafood	Alexandria Bay	NY
88.3	NE-VENUE	The Riverboat Bar	Alexandria Bay	NY
88.8	NE-VENUE	Lakeside Tavern & Marina	Gloversville	NY
90.6	NE-VENUE	ArtisTree Community Arts Center/Purple Crayon	South Pomfret	VT
91.2	NE-HOUSE	Hillview Sounds	Greenwich	NY
91.6	NE-VENUE	1812 on the river	Watertown	NY
91.6	NE-VENUE	Bad Apple Social LLC	Watertown	NY
91.6	NE-VENUE	Empire Square	Watertown	NY
91.6	NE-VENUE	Garland City Beer Works	Watertown	NY
92.5	NE-VENUE	Foxy's	Fishers Landing	NY
92.7	NE-VENUE	Calcuttas	Windsor County	VT
93.8	NE-VENUE	506 On the River Bistro	Woodstock	VT
93.8	NE-VENUE	Ottauquechee Yacht Club	Woodstock	VT
93.8	NE-VENUE	Pentangle Arts	Woodstock	VT
95.4	NE-VENUE	Unified Beerworks	Malta	NY
96.0	NE-VENUE	IRONROCK BREWING CO.	Little Falls	NY
96.4	NE-HOUSE	Billsville House Concerts	Manchester	VT
96.4	NE-RADIO	WEQX	Manchester	VT
96.6	NE-VENUE	Eight Oh Brew	Ludlow	VT
96.6	NE-VENUE	Killarney	Ludlow	VT
96.6	NE-VENUE	Killarney Irish Pub, 44 Pond Street	Ludlow	VT
96.6	NE-VENUE	Off The Rails	Ludlow	VT
96.6	NE-VENUE	The Bull @ Okemo	Ludlow	VT
96.6	NE-VENUE	Bromley Mountain Ski Resort	Peru	VT
96.9	NE-VENUE	Channel Side	Clayton	NY
97.4	NE-VENUE	Public House Quechee	Quechee	VT
99.5	NE-VENUE	BRONWYN on Battenkill	Arlington	VT
100.7	NE-VENUE	Wellsville Creative Arts Center	Wellsville	NY
100.7	NE-LIBRARY	David A Howe Library	Wellsville	NY
100.8	NE-VENUE	Fratello's Pizzeria	Frankfort	NY
100.8	NE-VENUE	The Crescent Restaurant and Bar	Chaumont	NY
100.9	NE-VENUE	Black Line Tavern @ Magic Mtn.	Londonderry	VT
100.9	NE-VENUE	New American Grill	Londonderry	VT
101.0	NE-VENUE	Hank Hudson Brewing Company	Mechanicville	NY
101.2	NE-VENUE	Gerber's 1933 Tavern	Utica	NY
101.2	NE-VENUE	Nail Creek Pub & Brewery	Utica	NY
101.2	NE-VENUE	Tramontane Cafe	Utica	NY
101.6	NE-VENUE	Copper City Brewing	Rome	NY
101.6	NE-HOUSE	Rocky Top House Concerts	Mohawk Valley	NY
102.0	NE-HOUSE	Summer Street Music Series	Bradford	VT
102.0	NE-VENUE	Revo Casino and Social House West Lebanon	West Lebanon	NH
102.1	NE-VENUE	1812 Brewery	Sackets Harbor	NY
102.1	NE-VENUE	The Sackets Boathouse	Sackets Harbor	NY
102.1	NE-VENUE	Tin Pan Galley	Sackets Harbor	NY
103.5	NE-VENUE	Union Underground	Bennington County	VT
103.5	NE-LIBRARY	Manchester Community Library	Bennington County	VT
103.5	NE-VENUE	Other One Brewing Company	Halfmoon	NY
104.3	NE-VENUE	One Genny	New Hartford	NY
104.3	NE-LIBRARY	New Hartford Public Library	New Hartford	NY
104.7	NE-VENUE	Taco Bob's Wayside Inn	Mannsville	NY
104.8	NE-VENUE	Salt Hill Pub	Lebanon	NH
105.1	NE-VENUE	Rivers Casino & Resort Schenectady	Schenectady	NY
105.1	NE-VENUE	Centre Street Pub	Schenectady	NY
105.1	NE-VENUE	Deloreys	Schenectady	NY
105.1	NE-VENUE	Frog Alley Brewing Co.	Schenectady	NY
105.1	NE-VENUE	Katie O'Byrnes Restaurant	Schenectady	NY
105.1	NE-VENUE	Moon and River Cafe	Schenectady	NY
105.1	NE-THEATRE	Eighth Step	Schenectady	NY
106.1	NE-VENUE	UNIHOG	Hoosick Falls	NY
106.1	NE-VENUE	Sal's Tavern	Hoosick Falls	NY
106.3	NE-VENUE	Down To The Roots	Chester	VT
107.6	NE-VENUE	Tailwater Lodge Altmar, Tapestry Collection by Hilton	Altmar	NY
107.7	NE-VENUE	Mid Mtn. Lodge Dinner – Stratton Mountain Resort	Stratton	VT
107.7	NE-VENUE	Stratton Mtn – Summit Patio	Stratton	VT
108.3	NE-RADIO	WHCL	Clinton	NY
108.8	NE-VENUE	Crown Point Country Club	Springfield	VT
109.2	NE-VENUE	Turning Stone Resort Casino	Verona	NY
109.6	NE-VENUE	Red Shed Brewery & Taproom	Cherry Valley	NY
109.7	NE-VENUE	Whaleback Mountain	Enfield	NH
109.9	NE-VENUE	Cup of Joy Cafe	Cape Vincent	NY
110.6	NE-VENUE	421 Craft Bar & Kitchen	Bennington	VT
110.6	NE-VENUE	Kelli's Tavern	Bennington	VT
110.6	NE-VENUE	Union South Bar & Provisions	Bennington	VT
110.6	NE-RADIO	WBTN	Bennington	VT
111.4	NE-VENUE	Vernon Downs Casino Hotel	Vernon	NY
111.4	NE-VENUE	3 Bastards Brewing	Vernon	NY
112.7	NE-VENUE	Indian Ladder Farms Cidery and Brewery	Altamont	NY
112.8	NE-FEST	Spring Thing	Troy	NY
112.8	NE-FEST	Troy Rockin' on The River	Troy	NY
112.8	NE-VENUE	518 Craft	Troy	NY
112.8	NE-VENUE	MoJo's Cafe & Gallery	Troy	NY
112.8	NE-VENUE	Oh Corn! Arepas	Troy	NY
112.8	NE-VENUE	Ryan's Wake	Troy	NY
112.8	NE-THEATRE	Troy Savings Bank Music Hall (Free Concert Series)	Troy	NY
112.8	NE-VENUE	Rustic Barn Pub	Troy	NY
112.8	NE-RADIO	WEXT	Troy	NY
114.9	NE-VENUE	Trail 87	West Dover	VT
115.3	NE-VENUE	Wayward Lane Brewing	Schoharie	NY
116.0	NE-HOUSE	Cot and Crackers House Concert	Schuyler Lake	NY
116.5	NE-VENUE	Dover Bar & Grill	Dover	VT
116.5	NE-VENUE	Mount Snow Grand Summit Resort	Dover	VT
116.5	NE-VENUE	Mount Snow Resort	Dover	VT
116.5	NE-VENUE	The Bullwheel	Dover	VT
116.7	NE-VENUE	The Loading Dock	Littleton	NH
117.1	NE-VENUE	North Shore Coffee & Tea Company	Bernhards Bay	NY
117.4	NE-FEST	PearlPalooza	Albany	NY
117.4	NE-FEST	Albany Tulip Festival	Albany	NY
117.4	NE-VENUE	The Hollow	Albany	NY
117.4	NE-VENUE	Fort Orange Brewing	Albany	NY
117.4	NE-VENUE	Jennings Landing	Albany	NY
117.4	NE-VENUE	The Albany Distilling Company Bar and Bottle Shop	Albany	NY
117.4	NE-THEATRE	Palace Theatre	Albany	NY
117.4	NE-THEATRE	The Eleven At Lark Hall	Albany	NY
117.4	NE-RADIO	WAMC	Albany	NY
119.0	NE-VENUE	Valley Craft Ales	Wilmington	VT
119.4	NE-VENUE	The Otesaga Resort Hotel	Cooperstown	NY
119.4	NE-VENUE	Cooperstown Beverage Exchange	Cooperstown	NY
119.4	NE-VENUE	Mel's at 22	Cooperstown	NY
119.5	NE-VENUE	Grace Tyler Estate Winery	Constantia	NY
121.0	NE-VENUE	Clark Art Institute	Williamstown	MA
123.0	NE-VENUE	Beer Naked Brewery	Marlboro	VT
123.0	NE-VENUE	Vermont Distillers	Marlboro	VT
123.6	NE-VENUE	916 Riverside	Central Square	NY
123.6	NE-VENUE	Tourists Hotel	North Adams	MA
124.1	NE-THEATRE	The Ridge	Chittenango	NY
124.6	NE-HOUSE	The Dorr Family Farm	Whitefield	NH
125.6	NE-FEST	Thursdays on the Village Green	Hamilton	NY
126.7	NE-VENUE	Peppercorn Tavern	Charlotteville	NY
127.3	NE-VENUE	Cloud Nine Creamery and Cafe	Cicero	NY
127.4	NE-VENUE	Trappers	Minoa	NY
128.0	NE-VENUE	S&S Farm Brewery	Nassau	NY
128.8	NE-VENUE	Monirae's Restaurant	Pennellville	NY
128.9	NE-VENUE	Freight Yard Brewing	Clay	NY
128.9	NE-VENUE	Docks Grill At Pirates Cove Marina	Clay	NY
129.0	NE-HOUSE	Third Floor Studios, Cattail Music, Brattleboro VT USA	Brattleboro	VT
129.0	NE-HOUSE	Under the Maple (Chez Grossman/Peel)	Brattleboro	VT
129.0	NE-THEATRE	Stone Church	Brattleboro	VT
129.5	NE-VENUE	Brae Loch Inn	Cazenovia	NY
129.7	NE-VENUE	Avicolli's Coal Fire	Fayetteville	NY
129.7	NE-VENUE	Craftsman Wood Grille & Tap House	Fayetteville	NY
130.1	NE-VENUE	Seneca Street Brew Pub	Manlius	NY
132.2	NE-VENUE	DUSKEES SPORTS BAR & GRILL	Phoenix	NY
133.0	NE-VENUE	Dockside Bar & Grill	Oswego	NY
133.0	NE-VENUE	Dominick's Sports Tavern	Oswego	NY
133.0	NE-VENUE	Ferris Wheel	Oswego	NY
133.0	NE-VENUE	GS Steamers Bar & Grill	Oswego	NY
133.0	NE-VENUE	Scriba Town Inn	Oswego	NY
133.0	NE-HOUSE	Tricia's House Concerts	Oswego	NY
133.0	NE-FEST	Oswego Porchfest	Oswego	NY
133.5	NE-VENUE	Lakeview Lanes	Fulton	NY
133.5	NE-HOUSE	Zoar House Concerts	Charlemont	MA
133.8	NE-VENUE	Revo Casino and Social House Keene	Keene	NH
133.8	NE-VENUE	Brian's Landing Jamesville	Jamesville	NY
134.1	NE-VENUE	Funk n' Waffles	Syracuse	NY
134.1	NE-VENUE	The 443 Social Club	Syracuse	NY
134.1	NE-VENUE	The Cider Mill	Syracuse	NY
134.1	NE-VENUE	315 Thursdays	Syracuse	NY
134.1	NE-VENUE	Al's Wine & Whiskey Lounge	Syracuse	NY
134.1	NE-VENUE	Art On The Porches	Syracuse	NY
134.1	NE-VENUE	Bellevue Country Club Inc	Syracuse	NY
134.1	NE-VENUE	Chevy Court	Syracuse	NY
134.1	NE-VENUE	Clinton Square	Syracuse	NY
134.1	NE-VENUE	Coleman's Authentic Irish Pub	Syracuse	NY
134.1	NE-VENUE	Crazy Daisies Flower Farm	Syracuse	NY
134.1	NE-VENUE	Hendricks Chapel	Syracuse	NY
134.1	NE-VENUE	Kitty Hoyne's Irish Pub	Syracuse	NY
134.1	NE-VENUE	McGraw Box Brewing Company	Syracuse	NY
134.1	NE-VENUE	Middle Ages Brewing Company	Syracuse	NY
134.1	NE-VENUE	PressRoom Pub	Syracuse	NY
134.1	NE-VENUE	Pump Pizza Pub	Syracuse	NY
134.1	NE-VENUE	Rise N Shine on Westcott	Syracuse	NY
134.1	NE-VENUE	Shifty's Bar & Grill	Syracuse	NY
134.1	NE-VENUE	The Whiskey Coop	Syracuse	NY
134.1	NE-VENUE	Vicinos Brick and Brew	Syracuse	NY
134.1	NE-HOUSE	Folkus	Syracuse	NY
134.1	NE-RADIO	WAER	Syracuse	NY
134.1	NE-VENUE	The Fitz	Syracuse	NY
134.1	NE-THEATRE	Pink Rock Culture Co-op	Syracuse	NY
134.1	NE-AGENT	Big Shot Entertainment	Syracuse	NY
134.2	NE-VENUE	Heid's of Liverpool	Liverpool	NY
134.4	NE-VENUE	OK Social	Valatie	NY
134.5	NE-VENUE	Rockland Cider Works - Upstate	Gilboa	NY
134.8	NE-HOUSE	Debs Chesham House Concerts	Chesham	NH
135.0	NE-VENUE	Belvedere Country Inn	Stamford	NY
135.0	NE-VENUE	Headwaters Arts Center	Stamford	NY
135.1	NE-VENUE	The Gatehouse Coffee Shop & Mercantile	Morris	NY
136.1	NE-VENUE	Gavin's Irish Country Inn	Cornwallville	NY
136.5	NE-VENUE	Fireside By The River	Baldwinsville	NY
136.5	NE-VENUE	Pasta's on the Green	Baldwinsville	NY
136.5	NE-VENUE	San Miguel Mexican Bar & Grill	Baldwinsville	NY
136.5	NE-THEATRE	Bud Light Amphitheater at Paper Mill Island	Baldwinsville	NY
136.9	NE-FEST	Northlands Music & Arts Festival	Swanzey	NH
137.3	NE-VENUE	Hot Plate Brewing Co.	Pittsfield	MA
137.7	NE-VENUE	Blue Heron Coxsackie	Coxsackie	NY
137.7	NE-VENUE	Brewery LaHoff	Coxsackie	NY
137.9	NE-VENUE	Muddy River Farm Brewery	Oneonta	NY
138.1	NE-VENUE	Floodwater Brewing Company	Shelburne Falls	MA
138.8	NE-VENUE	Local 315 Brewing Company	Warners	NY
139.9	NE-HOUSE	Unfinished House Concerts	North Sandwich	NH
142.5	NE-VENUE	The Reef, 1161 old route 31	Memphis	NY
142.5	NE-VENUE	Hidden Springs Brewhouse	Norwich	NY
142.5	NE-VENUE	Rita's	Norwich	NY
142.6	NE-VENUE	Riedlbauer's Resort	Round Top	NY
142.8	NE-FEST	Green River Festival	Greenfield	MA
142.8	NE-FEST	Strange Creek Campout	Greenfield	MA
142.8	NE-VENUE	The Mount, Edith Wharton's Home	Lenox	MA
142.8	NE-VENUE	Apple Tree Inn	Lenox	MA
142.8	NE-VENUE	The Ostrich Room	Lenox	MA
143.9	NE-VENUE	Stewart House River Grill	Athens	NY
144.4	NE-VENUE	Abbott's Village Tavern	Marcellus	NY
144.5	NE-FEST	Sterling Stage Folkfest	Sterling	NY
144.5	NE-VENUE	Pleasant Beach Hotel	Sterling	NY
144.5	NE-FEST	Hudson River Music Fest	Hudson	NY
144.5	NE-VENUE	Return Brewing	Hudson	NY
144.5	NE-VENUE	Union Street Brewing Co.	Hudson	NY
145.0	NE-VENUE	ONCO Fermentations	Tully	NY
145.8	NE-VENUE	The Pub	Philmont	NY
145.9	NE-VENUE	Vosburgh Brewing Company	Columbia County	NY
145.9	NE-HOUSE	The Greenhouse Studio	Gilford	NH
146.0	NE-VENUE	Brandon's Pub + Grille	Fair Haven	NY
146.0	NE-VENUE	Little Sodus Inn	Fair Haven	NY
146.0	NE-VENUE	Sterling Cidery	Fairhaven	NY
146.0	NE-VENUE	Stick and Rudder	Fairhaven	NY
146.6	NE-FEST	Great Blue Heron Music Festival	Catskill	NY
146.6	NE-THEATRE	Avalon Lounge	Catskill	NY
146.9	NE-VENUE	The Red Lion Inn / The Lions Den	Stockbridge	MA
146.9	NE-LIBRARY	Stockbridge Library Association	Stockbridge	MA
147.1	NE-VENUE	O'Neill's Shire Pub	Delhi	NY
147.7	NE-VENUE	Dream Away Lodge	Becket	MA
147.9	NE-VENUE	West Kill Brewing	West Kill	NY
149.4	NE-VENUE	The Sherwood Inn	Skaneateles	NY
149.4	NE-VENUE	Blue Water Grill	Skaneateles	NY
149.4	NE-VENUE	LakeHouse Pub	Skaneateles	NY
149.4	NE-VENUE	Skaneateles Brewery	Skaneateles	NY
149.4	NE-VENUE	Anyela's Vineyards	Skaneateles	NY
150.3	NE-VENUE	Lunkenheimer Craft Brewing Co.	Weedsport	NY
150.8	NE-FEST	Market Days Festival	Concord	NH
151.2	NE-RADIO	WMWV	Conway	NH
151.7	NE-FEST	Falcon Ridge Folk Festival	Hillsdale	NY
151.7	NE-VENUE	Roe Jan Brewing Co	Hillsdale	NY
153.4	NE-VENUE	Potters Farm to Fork	Port Byron	NY
153.4	NE-HOUSE	Mt Toby Concerts	Leverett	MA
154.2	NE-THEATRE	Pine Hill Comunity Center	Pine Hill	NY
154.3	NE-VENUE	Pier 53	Wolcott	NY
155.0	NE-VENUE	McGraw Box Brewing Co, Inc	McGraw	NY
155.4	NE-VENUE	Prison City Pub and Brewery North Street Urban Farm	Auburn	NY
155.4	NE-VENUE	City of Auburn Founder's Day Downtown Auburn	Auburn	NY
155.4	NE-VENUE	Parker's Grille	Auburn	NY
155.4	NE-THEATRE	Moondog's Lounge	Auburn	NY
155.9	NE-VENUE	Josie's Coffee Shoppe	Saugerties	NY
156.3	NE-HOUSE	Three Pork Hill	Ossipee	NH
156.5	NE-VENUE	Pembroke City Limits	Pembroke	NH
157.4	NE-VENUE	The Parlor Room	Northampton	MA
157.4	NE-VENUE	All Out Adventures Inc	Northampton	MA
157.4	NE-VENUE	Northampton Brewery	Northampton	MA
157.4	NE-VENUE	Progression Brewing Company	Northampton	MA
157.4	NE-VENUE	Summer on Strong	Northampton	MA
157.4	NE-THEATRE	Academy Of Music Theatre	Northampton	MA
157.4	NE-THEATRE	The Pines Theater	Northampton	MA
157.4	NE-VENUE	Iron Horse	Northampton	MA
157.5	NE-THEATRE	Walton Theatre	Walton	NY
157.5	NE-VENUE	Cortland Beer Company	Cortland	NY
157.5	NE-VENUE	Homer Hops Brewing	Cortland	NY
157.7	NE-LIBRARY	Hadley Public Library	Hadley	MA
158.0	NE-VENUE	The Drake	Amherst	MA
158.0	NE-RADIO	WMUA	Amherst	MA
158.1	NE-VENUE	Colony	Woodstock	NY
158.1	NE-VENUE	Pearl Moon Woodstock	Woodstock	NY
158.1	NE-VENUE	Tinker Street Tavern	Woodstock	NY
158.1	NE-HOUSE	Woodstock Library	Woodstock	NY
158.1	NE-RADIO	WDST	Woodstock	NY
160.4	NE-VENUE	Luthier's Co-op	Easthampton	MA
160.4	NE-VENUE	Abandoned Building Brewery	Easthampton	MA
160.4	NE-VENUE	Captain Jack's Goodtime Tavern	Sodus Point	NY
160.4	NE-VENUE	Docks Waterfront Restaurant and Lounge	Sodus Point	NY
160.4	NE-VENUE	Hot's Point	Sodus Point	NY
161.4	NE-FEST	Jetlag Music Festival	Downsville	NY
161.5	NE-RADIO	WXBC	Annandale-on-Hudson	NY
161.6	NE-VENUE	Summerhill Brewing, LLC	Summer Hill	NY
161.8	NE-VENUE	Eat N Go Village Green	Red Hook	NY
161.8	NE-VENUE	Rose Hill Farm	Red Hook	NY
161.8	NE-RADIO	WKZE	Red Hook	NY
162.4	NE-VENUE	The Shaskeen Pub and Restaurant	Manchester	NH
163.1	NE-VENUE	McCray's Country Creamery	South Hadley	MA
163.5	NE-VENUE	Fireside Lounge @ Point Place Casino	Bridgeport	NY
164.1	NE-THEATRE	The Stissing Center	Pine Plains	NY
164.5	NE-HOUSE	Yurt Concerts	Parsonsfield	ME
165.4	NE-VENUE	De La Luz Soundstage	Holyoke	MA
165.4	NE-VENUE	Delaney House	Holyoke	MA
165.4	NE-VENUE	Donovan's Irish Pub	Holyoke	MA
165.4	NE-VENUE	The Mick	Holyoke	MA
165.5	NE-FEST	Seneca Falls Canal Fest	Seneca Falls	NY
165.5	NE-VENUE	Red Brick Pub Kitchen & Cocktails	Seneca Falls	NY
165.5	NE-VENUE	Wolffy's Grill and Marina	Seneca Falls	NY
166.1	NE-FEST	Kingston Concert Series	Kingston	NY
166.1	NE-VENUE	Keegan Ales	Kingston	NY
166.1	NE-VENUE	Night Swim Kingston	Kingston	NY
166.1	NE-VENUE	Rewind Kingston	Kingston	NY
166.1	NE-VENUE	The Cornell Restaurant + Bar	Kingston	NY
166.1	NE-VENUE	Tubby's	Kingston	NY
166.3	NE-LIBRARY	Morton Memorial Library	Rhinecliff	NY
166.4	NE-FEST	Rhinebeck Porchfest	Rhinebeck	NY
167.2	NE-VENUE	The Dryden Hotel	Dryden	NY
167.3	NE-HOUSE	Merrifield House Concerts	Scipio Center	NY
167.4	NE-VENUE	Bright Ideas Brewing Westfield	Westfield	MA
167.4	NE-VENUE	Skyline Trading Company	Westfield	MA
167.4	NE-VENUE	Tin Bridge Brewing Co.	Westfield	MA
167.4	NE-VENUE	Westfield Athenaeum	Westfield	MA
167.6	NE-VENUE	Hopshire Farm and Brewery	Freeville	NY
168.4	NE-VENUE	del Lago Resort & Casino	Waterloo	NY
168.4	NE-VENUE	Muranda Cheese Company	Waterloo	NY
168.4	NE-VENUE	Tiki Bar North	Waterloo	NY
168.8	NE-VENUE	Belleayre Mountain	Ulster County	NY
169.1	NE-VENUE	O'Connell's Irish Pub & Grill	Chicopee	MA
169.1	NE-VENUE	Rumbleseat Bar & Grille	Chicopee	MA
170.4	NE-HOUSE	Noble House Inn	Bridgton	ME
170.5	NE-VENUE	Rootstock Ciderworks	Williamson	NY
170.9	NE-VENUE	Farm by Beer Tree Brew	Port Crane	NY
171.1	NE-FEST	Meadowlark	Stone Ridge	NY
171.3	NE-VENUE	Black Snake Brewing Company at Old Adriance Farm	Staatsburg	NY
171.4	NE-FEST	The Big E	West Springfield	MA
171.4	NE-VENUE	Irish House Restaurant and Trinity Pub at the Irish Cultural Center	West Springfield	MA
171.4	NE-VENUE	The Crest Room	West Springfield	MA
171.5	NE-HOUSE	The Barn of Earthly Delights	Livingston Manor	NY
171.5	NE-VENUE	Vanished Valley Brewing	Ludlow	MA
171.7	NE-THEATRE	Rail Trail Cafe	Rosendale	NY
171.7	NE-THEATRE	Widow Jane Mine	Rosendale	NY
171.7	NE-AGENT	The Muse	Rosendale	NY
172.2	NE-HOUSE	Sleepy Hollow House Concerts	Chester	NH
172.4	NE-VENUE	MGM Springfield	Springfield	MA
172.4	NE-VENUE	Nathan Bill's Bar & Restaurant	Springfield	MA
172.4	NE-VENUE	Student Prince	Springfield	MA
172.4	NE-VENUE	Theodore's Blues, Booze, and BBQ	Springfield	MA
172.4	NE-RADIO	WSCB	Springfield	MA
172.6	NE-VENUE	Rose Bowl Lanes	Newark	NY
173.6	NE-VENUE	Salt Point Brewing Co.	Lansing	NY
173.8	NE-VENUE	Riverside Pub	Agawam	MA
173.9	NE-VENUE	Seneca Lake Resorts	Romulus	NY
173.9	NE-VENUE	Knapp Winery	Romulus	NY
174.0	NE-FEST	Music on the Delaware	Hancock	NY
174.0	NE-HOUSE	Lordville Log Cabin Concert	Hancock	NY
174.3	NE-VENUE	Crafty Ales & Lagers	Phelps	NY
174.3	NE-VENUE	Dirty Jack's Tavern	Phelps	NY
174.5	NE-VENUE	Big aLICe Brewing Finger Lakes	Geneva	NY
174.5	NE-VENUE	F2T Kitchen	Geneva	NY
174.5	NE-VENUE	Lake Drum Brewing	Geneva	NY
174.5	NE-VENUE	Torrey Park Restaurant	Geneva	NY
174.5	NE-VENUE	Ventosa Vineyards	Geneva	NY
174.5	NE-VENUE	Watershed Brewing Company	Geneva	NY
174.5	NE-VENUE	WeBe Brewing Company	Geneva	NY
174.5	NE-VENUE	White Springs Winery	Geneva	NY
174.5	NE-VENUE	Zugibe Vineyards - Wine With A View.	Geneva	NY
174.5	NE-RADIO	WHWS	Geneva	NY
174.8	NE-VENUE	Fern Valley Farms	Wilbraham	MA
175.0	NE-VENUE	2nd Home Lounge | Bar | Beer | Wine | Live Music	Winsted	CT
175.2	NE-VENUE	Little Red Barn Brewers	Winchester	CT
175.4	NE-VENUE	RMV Cellars	West Park	NY
175.8	NE-LIBRARY	Richard Salter Storrs Library	Longmeadow	MA
176.0	NE-VENUE	Finger Lakes Cider House	Interlaken	NY
176.0	NE-VENUE	Airy Acres Vineyard	Interlaken	NY
176.5	NE-VENUE	Ithaca Beer Co	Ithaca	NY
176.5	NE-VENUE	The Boatyard Grill	Ithaca	NY
176.5	NE-VENUE	Bernie Milton Pavillion	Ithaca	NY
176.5	NE-VENUE	Bike Bar	Ithaca	NY
176.5	NE-VENUE	Brewer's Cafe & Taproom	Ithaca	NY
176.5	NE-VENUE	Pete's Cayuga Bar	Ithaca	NY
176.5	NE-VENUE	Sacred Root Kava Lounge & Tea Bar	Ithaca	NY
176.5	NE-VENUE	South Hill Cider	Ithaca	NY
176.5	NE-VENUE	Tres Leches	Ithaca	NY
176.5	NE-THEATRE	Visions FCU Amphitheater	Ithaca	NY
176.5	NE-RADIO	WICB	Ithaca	NY
176.5	NE-RADIO	WRFI	Ithaca	NY
176.5	NE-RADIO	WVBR	Ithaca	NY
176.5	NE-VENUE	Craft 32 Restaurant	East Longmeadow	MA
176.8	NE-VENUE	Hosmer Winery	Ovid	NY
177.3	NE-FEST	Finger Lakes Grass Roots Revival	Trumansburg	NY
177.6	NE-VENUE	Clifton Springs Country Club	Clifton Springs	NY
178.4	NE-VENUE	The Lemon Squeeze New Paltz	New Paltz	NY
178.5	NE-VENUE	Beer Thirty	Binghamton	NY
178.5	NE-VENUE	Lost Dog Café & Lounge	Binghamton	NY
178.5	NE-VENUE	McGirk’s Irish Pub	Binghamton	NY
178.5	NE-VENUE	Atomic Toms	Binghamton	NY
178.5	NE-HOUSE	Chenango Craftsman House Concert	Binghamton	NY
178.5	NE-RADIO	WHRW	Binghamton	NY
178.5	NE-RADIO	WHRW	Binghamton	NY
178.5	NE-VENUE	Fountains Tavern	Johnson City	NY
178.7	NE-LIBRARY	Berwick Public Library (Winter Music Series)	Berwick	ME
179.2	NE-VENUE	Mulligans Grille & Tavern	New Hartford	CT
179.4	NE-VENUE	Almost Famous Brewing Company	East Granby	CT
179.4	NE-VENUE	Brignole Vineyards	East Granby	CT
179.4	NE-VENUE	The Grill at Copper Hill	East Granby	CT
179.6	NE-VENUE	Idol Ridge Winery & Alder Creek Distillery	Lodi	NY
179.6	NE-VENUE	Wagner Vineyards Estate Winery	Lodi	NY
180.1	NE-RADIO	WUNH	Durham	NH
180.2	NE-FEST	Enfield in the Park Summer Concert Series	Enfield	CT
180.2	NE-VENUE	Red Brewster Brewery, Enfield, Connecticut	Enfield	CT
180.2	NE-VENUE	Wood N Tap	Enfield	CT
180.4	NE-HOUSE	Red and Shorty's	Dover	NH
180.6	NE-VENUE	DisBatch Brewery	Macedon	NY
180.6	NE-VENUE	JD Wine Cellars	Macedon	NY
181.2	NE-VENUE	Reinvention Brewing Company	Manchester	NY
181.8	NE-VENUE	jojo Bistro & Wine Bar - Webster	Webster	NY
181.8	NE-VENUE	Knucklehead Craft Brewing	Webster	NY
181.8	NE-VENUE	Pub 235	Webster	NY
181.8	NE-VENUE	Simply Crepes Kitchen and Bar Webster - Penfield	Webster	NY
181.8	NE-HOUSE	Picket Fence House Concerts	Webster	NY
181.9	NE-VENUE	Stu's Place	Endicott	NY
182.0	NE-VENUE	Hudson Valley Pickleball and Golf Center	Poughkeepsie	NY
182.0	NE-VENUE	King's Court Brewing Company	Poughkeepsie	NY
182.0	NE-VENUE	Mahoney's Irish Pub & Steakhouse	Poughkeepsie	NY
182.0	NE-VENUE	Plan Bee Farm Brewery	Poughkeepsie	NY
182.0	NE-RADIO	WVKR	Poughkeepsie	NY
182.0	NE-VENUE	Hop Meadow Country Club	Simsbury	CT
182.0	NE-VENUE	Maple Tree Cafe	Simsbury	CT
182.0	NE-VENUE	Talcott Mountain Collective	Simsbury	CT
182.0	NE-LIBRARY	Simsbury Public Library	Simsbury	CT
182.9	NE-VENUE	Sonny's Place	Somers	CT
183.0	NE-VENUE	Gardiner Brewing Company	Gardiner	NY
183.2	NE-VENUE	Villa Roma Resort	Callicoon	NY
183.2	NE-VENUE	Seminary Hill Orchard & Cidery	Callicoon	NY
183.4	NE-FEST	Lowell Folk Festival	Lowell	MA
183.4	NE-RADIO	WUML	Lowell	MA
183.7	NE-HOUSE	Borrowed House Concerts	Plaistow	NH
184.4	NE-FEST	The Word Barn	Exeter	NH
184.7	NE-VENUE	Hurds Family Farm	Modena	NY
184.7	NE-VENUE	Nostrano Vineyards	Milton	NY
184.7	NE-RADIO	WICN	Worcester	MA
184.7	NE-RADIO	WCUW	Worcester	MA
184.8	NE-VENUE	Finger Lakes Gaming & Racetrack	Farmington	NY
185.5	NE-VENUE	Shadow Lake Grill and Tap Room	Penfield	NY
185.5	NE-VENUE	TNT  Music Outdoor Stage	Penfield Center	NY
185.6	NE-HOUSE	Music on the Mountain	Brackney	PA
185.6	NE-VENUE	Sapalta	Himrod	NY
185.8	NE-FEST	Hudson Community Fest	Hudson	MA
185.9	NE-FEST	Fairport Canal Days	Fairport	NY
185.9	NE-VENUE	B-Side	Fairport	NY
185.9	NE-VENUE	Country Roads	Fairport	NY
185.9	NE-VENUE	Faircraft Brauhaus	Fairport	NY
185.9	NE-VENUE	Mulconry's Irish Pub and Restaurant	Fairport	NY
185.9	NE-VENUE	Rochester Ice Center	Fairport	NY
185.9	NE-VENUE	Iron Smoke Distilery	Fairport	NY
186.0	NE-HOUSE	Zeitgeist Concerts	Acton	MA
186.4	NE-VENUE	Fox Run Vineyards	Penn Yan	NY
186.4	NE-VENUE	Keuka Spring Vineyards	Penn Yan	NY
186.4	NE-VENUE	Laurentide Beer Company	Penn Yan	NY
186.4	NE-VENUE	Main Deck	Penn Yan	NY
186.4	NE-VENUE	Once Finger Lakes	Penn Yan	NY
186.4	NE-VENUE	Relative Risk Brewing Company	Penn Yan	NY
186.4	NE-VENUE	Scout Vineyards	Penn Yan	NY
186.4	NE-VENUE	Abandon Brewing	Penn Yan	NY
186.5	NE-FEST	Harvest Festival at Bethel Woods	Bethel	NY
186.5	NE-THEATRE	Bethel Woods Center for the Arts	Bethel	NY
186.8	NE-VENUE	Waypoint Spirits	Bloomfield	CT
186.9	NE-VENUE	La Notte Waterside Grille	Windsor	CT
186.9	NE-VENUE	Resorts World Casino Catskills	Monticello	NY
187.2	NE-VENUE	Hazlitt 1852 Vineyards	Hector	NY
187.2	NE-VENUE	Ria's Wines	Hector	NY
187.2	NE-VENUE	Scale House Brewery	Hector	NY
187.2	NE-VENUE	The Boars Nest 414	Hector	NY
187.2	NE-FEST	Canandaigua Art and Music Festival	Canandaigua	NY
187.2	NE-VENUE	Finger Lakes Public House	Canandaigua	NY
187.2	NE-VENUE	Lincoln Hill Farms	Canandaigua	NY
187.2	NE-VENUE	Nick's Chop House	Canandaigua	NY
187.2	NE-VENUE	Peacemaker Brewing Company	Canandaigua	NY
187.2	NE-VENUE	Simply Crepes	Canandaigua	NY
187.2	NE-VENUE	Star Cider	Canandaigua	NY
187.2	NE-VENUE	Stay Bristol Woodlands	Canandaigua	NY
187.2	NE-VENUE	Terrapin Depot	Canandaigua	NY
187.4	NE-VENUE	Casey's Cafe	Ellington	CT
187.5	NE-VENUE	Lucky Hare Brewing Company	Owego	NY
187.6	NE-FEST	East Rochester Concert Series	East Rochester	NY
187.6	NE-VENUE	Spritz 146 (Cocktails & Sweets)	East Rochester	NY
187.6	NE-LIBRARY	East Rochester Public Library	East Rochester	NY
187.7	NE-THEATRE	Crossroads Music Series	North Andover	MA
187.8	NE-VENUE	Cochecton Pump House	Cochecton	NY
187.9	NE-VENUE	Sanctuary Cultural Arts Center	Maynard	MA
188.2	NE-FEST	Town of Crawford Summer Concert Series	Pine Bush	NY
188.2	NE-VENUE	The Baldwin	Pine Bush	NY
188.4	NE-VENUE	The Falcon	Marlboro	NY
188.4	NE-HOUSE	Timber House Concerts	Victor	NY
188.6	NE-VENUE	South Farms	Morris	CT
188.6	NE-HOUSE	Kiva House Concerts	Billerica	MA
188.7	NE-HOUSE	Pine Crest Inn House Concerts	Gorham	ME
189.3	NE-RADIO	WXRV	Andover	MA
189.4	NE-VENUE	Aurora Brewing Company	Pittsford	NY
189.6	NE-VENUE	Keg & Barrel Brewing Co.	Dundee	NY
189.8	NE-VENUE	Grist Iron Brewing Company	Burdett	NY
189.8	NE-VENUE	Solera Tap House	Burdett	NY
189.8	NE-VENUE	The Lodge at Grist Iron Brewing Co.	Burdett	NY
189.8	NE-VENUE	Two Goats Brewing	Burdett	NY
189.9	NE-VENUE	Antler Run Distilling	Keuka Park	NY
189.9	NE-VENUE	Vineyard View Winery	Keuka Park	NY
190.4	NE-VENUE	Fishkill Farms	Hopewell Junction	NY
190.7	NE-VENUE	Barnstormer Winery	Rock Stream	NY
190.8	NE-VENUE	Smoke Public House	West Hartford	CT
190.8	NE-VENUE	WeHa Brewing and Roasting Co	West Hartford	CT
191.1	NE-VENUE	Bashakill Vineyards-Open for Wine Pickups!	Wurtsboro	NY
191.1	NE-VENUE	Yankee Lake Cottage	Wurtsboro	NY
191.3	NE-VENUE	Big Dogs Brewery	Walden	NY
191.3	NE-VENUE	The Shoe Inn	Van Etten	NY
191.5	NE-HOUSE	Fox Run Concerts	Sudbury	MA
191.6	NE-VENUE	March Farms	Bethlehem	CT
191.7	NE-VENUE	Arch Street Tavern	Hartford	CT
191.7	NE-VENUE	Black Eyed Sally's	Hartford	CT
191.7	NE-VENUE	State House Square Food Court	Hartford	CT
191.7	NE-VENUE	The Brownstone	Hartford	CT
191.7	NE-RADIO	WRTC	Hartford	CT
191.7	NE-VENUE	Hartford West Side	Downtown Hartford	CT
191.8	NE-VENUE	Cheap Charlies	Holcomb	NY
191.9	NE-VENUE	Dream Ride'	Farmington	CT
191.9	NE-VENUE	Hein Farm, LLC	Farmington	CT
191.9	NE-FEST	Railroad Street Music Festival	Rochester	NY
191.9	NE-FEST	Rochester Lilac Festival	Rochester	NY
191.9	NE-FEST	Bands on the Bricks	Rochester	NY
191.9	NE-VENUE	Fattey Beer Company	Rochester	NY
191.9	NE-VENUE	Genesee Brew House	Rochester	NY
191.9	NE-VENUE	Harvest Bible Fellowship	Rochester	NY
191.9	NE-VENUE	Holiday Fleming Point	Rochester	NY
191.9	NE-VENUE	I-Square	Rochester	NY
191.9	NE-VENUE	Johnny’s Irish Pub	Rochester	NY
191.9	NE-VENUE	Local Sounds Collaborative	Rochester	NY
191.9	NE-VENUE	Lovin' Cup	Rochester	NY
191.9	NE-VENUE	Parcel 5	Rochester	NY
191.9	NE-VENUE	Pelican's Nest Restaurant	Rochester	NY
191.9	NE-VENUE	Record Archive	Rochester	NY
191.9	NE-VENUE	Rising Storm Brewing Company at The Mill	Rochester	NY
191.9	NE-VENUE	Rohrbach Brewing Co. Railroad Street Beer Hall	Rochester	NY
191.9	NE-VENUE	Russell Station Bar & Grill	Rochester	NY
191.9	NE-VENUE	Sager Beer Works	Rochester	NY
191.9	NE-VENUE	Salvatore's Old Fashioned Pizzeria	Rochester	NY
191.9	NE-VENUE	Schooners Riverside Pub	Rochester	NY
191.9	NE-VENUE	Silo Social	Rochester	NY
191.9	NE-VENUE	The Daily Refresher	Rochester	NY
191.9	NE-VENUE	The Little Café	Rochester	NY
191.9	NE-VENUE	Titus Tavern	Rochester	NY
191.9	NE-VENUE	Tones Studios, LLC	Rochester	NY
191.9	NE-THEATRE	The Little Theatre	Rochester	NY
191.9	NE-HOUSE	Hillbrook House Concerts	Rochester	NY
191.9	NE-HOUSE	Lake Effect House Concert	Rochester	NY
191.9	NE-RADIO	WBER	Rochester	NY
191.9	NE-RADIO	WITR	Rochester	NY
191.9	NE-RADIO	WRFZ	Rochester	NY
191.9	NE-VENUE	Biltmore Bar & Lounge	Rochester	NY
191.9	NE-RADIO	WRUR	Rochester	NY
192.1	NE-VENUE	Cottage Hotel of Mendon	Mendon	NY
192.2	NE-HOUSE	The Conant Homestead	Westbrook	ME
192.4	NE-VENUE	Two Farms Brewing	Bloomingburg	NY
192.4	NE-VENUE	Winterton Farms	Bloomingburg	NY
192.6	NE-VENUE	Castel Grisch Winery	Watkins Glen	NY
192.6	NE-VENUE	Kookalaroc's Bar and Grill	Watkins Glen	NY
192.6	NE-VENUE	Lucky Hare Brewing Bar & Grill	Watkins Glen	NY
192.6	NE-VENUE	Nickel's Pit BBQ Watkins Glen	Watkins Glen	NY
192.6	NE-VENUE	The Yard FLX	Watkins Glen	NY
192.6	NE-VENUE	Watkins Glen KOA	Watkins Glen	NY
192.7	NE-VENUE	Limoncello Trattoria Napoletana	Sherman	CT
193.0	NE-VENUE	Arlo's Country Store	Union Dale	PA
193.1	NE-VENUE	Daryl's House	Pawling	NY
193.1	NE-VENUE	DoubleTree by Hilton Hotel Bristol, Connecticut	Bristol	CT
193.1	NE-VENUE	RBI Sports cafe	Bristol	CT
193.1	NE-LIBRARY	Manross Library	Bristol	CT
193.6	NE-VENUE	Country Trails Brewing Co.	Montrose	PA
193.6	NE-VENUE	Frank's Pub	Montrose	PA
193.7	NE-VENUE	Housatonic River Brewing	New Milford	CT
193.7	NE-VENUE	City Winery Hudson Valley	Montgomery	NY
193.7	NE-LIBRARY	Newburyport Public Library	Newburyport	MA
193.9	NE-VENUE	Goodnight Johnny's American Music Bar	Burlington	MA
194.0	NE-FEST	Froggy Daze Music Fest	Narrowsburg	NY
194.0	NE-VENUE	Big Eddy Brewing Co & Smokd NY	Narrowsburg	NY
194.3	NE-VENUE	Elicit Brewing Co	Manchester	CT
194.3	NE-VENUE	Urban Lodge Brewing Co.	Manchester	CT
194.3	NE-VENUE	The Packing House	Willington	CT
194.4	NE-VENUE	Square Peg Pizzeria	Plainville	CT
195.0	NE-VENUE	Hawk Ridge Winery	Watertown	CT
195.0	NE-VENUE	Jameson Pub	Watertown	CT
195.0	NE-VENUE	Wine and Cheese Social	Watertown	CT
195.3	NE-VENUE	Tioga Downs Casino	Nichols	NY
195.3	NE-THEATRE	Town Crier Cafe	Beacon	NY
195.3	NE-VENUE	Dennings Point Distillery	Beacon	NY
195.4	NE-FEST	Newburgh Illuminated Music and Arts Festival	Newburgh	NY
195.4	NE-VENUE	Resorts World Casino Hudson Valley	Newburgh	NY
195.4	NE-VENUE	Untouchables	Newburgh	NY
195.7	NE-HOUSE	Abundant Haven House Concerts	Hopkinton	MA
195.7	NE-HOUSE	Front Street Concerts	Hopkinton	MA
195.9	NE-HOUSE	Upton House Concerts	Upton	MA
196.5	NE-HOUSE	Jura's Grove	Barton	NY
196.5	NE-FEST	Glastonbury Apple Harvest Festival	Glastonbury	CT
196.5	NE-VENUE	Hops on the Hill Farm Brewery	Glastonbury	CT
196.5	NE-VENUE	Rooftop 120	Glastonbury	CT
196.5	NE-HOUSE	The Gathering Room	Glastonbury	CT
196.8	NE-HOUSE	The Music Porch	Reading	MA
197.1	NE-VENUE	Mona Lisa Restaurant	Wolcott	CT
197.3	NE-VENUE	Harpoon Eddie's	Sylvan Beach	NY
197.5	NE-RADIO	WUMF	Farmington	ME
198.0	NE-HOUSE	Peaks Island House Concert Series	Portland	ME
198.0	NE-LIBRARY	Portland Public Library (Friday Lunch Concerts)	Portland	ME
198.0	NE-VENUE	Woodbury Brewing Company	Woodbury	CT
198.6	NE-VENUE	Twisted Rail Tavern	Honesdale	PA
198.8	NE-VENUE	Tavern on 3	Rocky Hill	CT
199.1	NE-VENUE	Continuum Distilling	Waterbury	CT
199.1	NE-LIBRARY	Silas Bronson Library	Waterbury	CT
199.2	NE-HOUSE	Rivergigs	South Portland	ME
199.2	NE-VENUE	110 Grill	Southington	CT
199.2	NE-VENUE	Aqua Turf Club	Southington	CT
199.2	NE-VENUE	Kinsmen Brewing Company	Southington	CT
199.2	NE-VENUE	Long View Ciderhouse Orchard Bar	Southington	CT
199.6	NE-HOUSE	The Rec Room House Concerts	Belmont	MA
199.8	NE-VENUE	Cosimos Brick Oven	Middletown	NY
199.8	NE-RADIO	WESU	Middletown	NY
200.0	NE-VENUE	Fanatics Pub	Lima	NY
200.0	NE-VENUE	Tyson's Upper Deck	Lima	NY
200.0	NE-VENUE	Trailhead Restaurant	Glen Spey	NY
200.2	NE-VENUE	Birdhouse Brewing Company	Honeoye	NY
200.2	NE-VENUE	Twisted Rail Brewing Honeoye	Honeoye	NY
200.6	NE-VENUE	Valley Bowling Center	Waverly	NY
200.6	NE-LIBRARY	Watertown Free Public Library (Winter Concerts)	Watertown	MA
201.0	NE-VENUE	The Stomping Ground	Putnam	CT
201.2	NE-VENUE	Twins BBQ Co	Brookfield	CT
201.3	NE-HOUSE	House Of Play House Concerts	Newton	MA
201.3	NE-HOUSE	Sailing Into Song House Concerts	Newton	MA
201.3	NE-HOUSE	Fractal House	Medford	MA
201.4	NE-VENUE	The Hop Knot Storrs	Mansfield	CT
201.5	NE-VENUE	Bluestone Brewery	Waverly	PA
201.5	NE-VENUE	The Legacy Lounge	Waverly	PA
201.6	NE-VENUE	The Squatch Den	Horseheads	NY
201.6	NE-VENUE	Bluestone Brewing Company	South Waverly	PA
201.7	NE-VENUE	Black Sheep Distillery	Prattsburgh	NY
201.9	NE-VENUE	The Outpost	Pond Eddy	NY
202.2	NE-HOUSE	Connected Arts	Southbury	CT
202.5	NE-VENUE	All One One All Farm	Goshen	NY
202.5	NE-LIBRARY	Goshen Public Library & Historical Society	Goshen	NY
202.7	NE-VENUE	Spins Bowl Carmel	Carmel Hamlet	NY
203.0	NE-VENUE	The Jungle	Somerville	MA
203.0	NE-VENUE	Warehouse XI	Somerville	MA
203.3	NE-FEST	Cambridge River Festival	Cambridge	MA
203.3	NE-THEATRE	Club Passim	Cambridge	MA
203.3	NE-VENUE	Lizard Lounge	Cambridge	MA
203.3	NE-VENUE	Lilypad	Cambridge	MA
203.3	NE-VENUE	Cantab Underground	Cambridge	MA
203.3	NE-VENUE	The Middle East	Cambridge	MA
203.3	NE-RADIO	WHRB	Cambridge	MA
203.3	NE-VENUE	Mooney's	Athens	PA
203.3	NE-VENUE	Murphy's Pub & Sports Bar, Shunpike Rd Cromwell CT	Cromwell	CT
203.3	NE-VENUE	Rail 99 Tavern	Cromwell	CT
204.2	NE-FEST	Twilight Concert Series	Meriden	CT
204.2	NE-VENUE	Downtown Coffee Shop	Meriden	CT
204.2	NE-FEST	Wally Lake Fest	Hawley	PA
204.2	NE-VENUE	The Dock on Wallenpaupack	Hawley	PA
204.2	NE-VENUE	Gresham's Chop House	Hawley	PA
204.2	NE-VENUE	Ledges Hotel	Hawley	PA
204.2	NE-VENUE	Silver Birches	Hawley	PA
204.2	NE-VENUE	Wallenpaupack Brewing Company	Hawley	PA
204.2	NE-VENUE	Woodloch Resort	Hawley	PA
204.3	NE-FEST	Music in the Park	Hammondsport	NY
204.3	NE-VENUE	Keuka Lake Vineyards	Hammondsport	NY
204.3	NE-VENUE	The Switzerland Inn	Hammondsport	NY
204.3	NE-VENUE	BARRELHOUSE 6 DISTILLERY	Hammondsport	NY
204.3	NE-VENUE	Birdseye Hollow Farm and Distillery	Hammondsport	NY
204.3	NE-VENUE	Glen H. Curtiss Museum	Hammondsport	NY
204.3	NE-VENUE	Keuka Brewing Co.	Hammondsport	NY
204.3	NE-VENUE	Krooked Tusker Distillery	Hammondsport	NY
204.3	NE-VENUE	Maloney's Pub	Hammondsport	NY
204.3	NE-VENUE	Over The Bridge Wine Bar	Hammondsport	NY
204.3	NE-VENUE	Point of the Bluff Vineyards	Hammondsport	NY
204.3	NE-VENUE	Steuben Brewing Company	Hammondsport	NY
204.3	NE-VENUE	Weis Vineyards	Hammondsport	NY
204.7	NE-VENUE	South Gate Tavern	Highland Falls	NY
204.8	NE-VENUE	Arrigoni Winery	Portland	CT
204.9	NE-VENUE	A Better Place Bar & Grill, Inc.	Woodbury	NY
205.0	NE-LIBRARY	Jesse M. Smith Memorial Library (Riverwalk Concerts)	Harrisville	RI
205.1	NE-FEST	Chester Summer Concert Series	Chester	NY
205.1	NE-VENUE	Rushing Duck Brewing	Chester	NY
205.1	NE-VENUE	Tin Barn Brewing	Chester	NY
205.2	NE-VENUE	Ill EagleTaphouse	Elmira	NY
205.2	NE-VENUE	Patrick's	Elmira	NY
205.2	NE-VENUE	C.J. Sparrow	Cheshire	CT
205.2	NE-VENUE	Viron Rondo Osteria	Cheshire	CT
205.3	NE-LIBRARY	Mahopac Library	Mahopac	NY
205.3	NE-FEST	Connecticut Valley Folk Fest	Middletown	CT
205.3	NE-VENUE	Eli Cannons Tap Room	Middletown	CT
205.3	NE-VENUE	Hotrod's Spotlight Lounge	Middletown	CT
205.3	NE-VENUE	Mezzo Grille	Middletown	CT
205.3	NE-VENUE	Tate's	Middletown	CT
205.3	NE-VENUE	The Buttonwood Tree	Middletown	CT
205.4	NE-FEST	Willimantic Third Thursday Street Fest	Willimantic	CT
205.6	NE-VENUE	Rising Storm Brewing Company	Avon	NY
205.7	NE-VENUE	Charter Oak Brewing	Danbury	CT
205.7	NE-VENUE	Elicit Brewing Co - Danbury	Danbury	CT
205.8	NE-VENUE	Aquila's Nest Vineyards	Newtown	CT
205.8	NE-VENUE	Newsylum Brewing Co.	Newtown	CT
205.8	NE-VENUE	Reverie Brewing Company	Newtown	CT
205.8	NE-VENUE	Midway Cafe	Boston	MA
205.8	NE-VENUE	Silhouette Lounge	Boston	MA
205.8	NE-VENUE	City Winery	Boston	MA
205.8	NE-VENUE	The Point Boston	Boston	MA
205.8	NE-THEATRE	Cafe 939	Boston	MA
205.8	NE-HOUSE	Folk Music Society of Greater Boston House Concert	Boston	MA
205.8	NE-LIBRARY	Boston Public Library (Concerts in the Courtyard)	Boston	MA
205.8	NE-RADIO	WERS	Boston	MA
205.8	NE-RADIO	WUMB	Boston	MA
206.1	NE-VENUE	Foundry 42	Port Jervis	NY
206.2	NE-VENUE	RiverView Winery	Jermyn	PA
206.6	NE-VENUE	Black Hog Brewing Co	Oxford	CT
206.6	NE-VENUE	The Boars Nest	Oxford	CT
206.6	NE-VENUE	Goodfella's Pizza Italian Restaurant (Matamoras)	Matamoras	PA
207.1	NE-VENUE	Tag's Summer Stage	Big Flats	NY
207.2	NE-VENUE	1741 Pub and Grill	Middlefield	CT
207.3	NE-HOUSE	Homegrown House Concerts	Marblehead	MA
207.3	NE-VENUE	The Dublin	East Hampton	CT
207.5	NE-VENUE	Glenmere Brewing Company	Florida	NY
207.6	NE-VENUE	La Zingara	Bethel	CT
207.6	NE-VENUE	Note Kitchen & Bar	Bethel	CT
208.5	NE-VENUE	Drafts Bar & Grill	Lake Ariel	PA
208.6	NE-RADIO	WBOR	Brunswick	ME
209.0	NE-VENUE	Ox & Oak Vineyards	Lebanon	CT
209.2	NE-VENUE	The Gilded Curtain	Wallingford	CT
209.5	NE-VENUE	McGrath's Pub & Eatery	Dalton	PA
209.6	NE-VENUE	Dock 34	Seymour	CT
209.8	NE-VENUE	Mud Creek Ranch	Savona	NY
210.0	NE-HOUSE	Dionigi House Concerts	Durham	CT
210.3	NE-THEATRE	Bean Runner Cafe	Peekskill	NY
210.3	NE-VENUE	Blue Arrow Farm	Pine Island	NY
210.4	NE-FEST	Annual Gloucester Waterfront Festival	Gloucester	MA
210.6	NE-FEST	Milford Power of Music	Milford	PA
210.6	NE-VENUE	Back Road Brewing Co.	Milford	PA
210.6	NE-VENUE	Jive Bar and Lounge	Milford	PA
210.6	NE-HOUSE	Whale Cove House Concerts	Rockport	MA
210.9	NE-VENUE	Radisson Hotel Corning	Corning	NY
210.9	NE-VENUE	Corning Museum of Glass	Corning	NY
210.9	NE-VENUE	Iron Flamingo Barrel House	Corning	NY
210.9	NE-VENUE	Liquid Shoes	Corning	NY
211.1	NE-HOUSE	Celia's Music Room	Cortlandt Manor	NY
211.1	NE-VENUE	Cheap Shots Bar And Restaurant	Dickson City	PA
211.2	NE-VENUE	Waters Clubhouse & Catering	Bath	NY
211.6	NE-VENUE	Junior’s Log Cabin	Campbell	NY
211.8	NE-VENUE	Nite Lite Gospel House	Avoca	NY
211.9	NE-VENUE	Summit Cigar Lounge and Bar	Clarks Summit	PA
212.1	NE-VENUE	Mohansic Grill & Lounge	Yorktown Heights	NY
212.1	NE-VENUE	Our Place Kitchen & Bar	Yorktown Heights	NY
212.1	NE-HOUSE	Blue Spruce Concerts	Yorktown Heights	NY
212.1	NE-VENUE	The Space Ballroom	Hamden	CT
212.1	NE-VENUE	Cantean Coffee and Tea	Hamden	CT
212.1	NE-VENUE	Haven Beer Company	Hamden	CT
212.1	NE-VENUE	The Cellar on Treadwell	Hamden	CT
212.1	NE-HOUSE	GuitartownCT	Hamden	CT
212.1	NE-RADIO	WQAQ	Hamden	CT
212.3	NE-VENUE	The Georgetown Owl Saloon & Restaurant	Redding	CT
212.5	NE-VENUE	Porkiez Bar & Grill	Throop	PA
212.7	NE-VENUE	Warwick Valley Winery & Distillery	Warwick	NY
212.7	NE-VENUE	Apple Dave's Orchard	Warwick	NY
212.7	NE-VENUE	Clearview Vineyard	Warwick	NY
212.7	NE-VENUE	Pennings Farm Cidery	Warwick	NY
212.7	NE-LIBRARY	Albert Wisner Public Library	Warwick	NY
212.7	NE-RADIO	WTBQ	Warwick	NY
212.9	NE-HOUSE	Lakeview Houseconcerts	Sharon	MA
212.9	NE-HOUSE	Lyndon	Sharon	MA
212.9	NE-VENUE	Paradise Restaurant & Banquet Hall	Ansonia	CT
213.0	NE-VENUE	Twelve Percent Beer Project	North Haven	CT
213.0	NE-VENUE	Volo Restaurant & Lounge	North Haven	CT
213.0	NE-VENUE	Nod Hill Brewery	Ridgefield	CT
213.0	NE-VENUE	850 Degrees Wood Fired Restaurant	Ridgefield	CT
213.0	NE-VENUE	Brick House Wood Fired Pizza Kitchen & Bar	Ridgefield	CT
213.0	NE-VENUE	Chirp	Ridgefield	CT
213.0	NE-HOUSE	Acoustic Celebration	Ridgefield	CT
213.3	NE-VENUE	Marie Antoinette Inn	Wyalusing	PA
213.4	NE-VENUE	New England Brewing Co	Woodbridge	CT
213.6	NE-VENUE	Creekside Gardens	Tunkhannock	PA
213.6	NE-VENUE	Highway Inn	Tunkhannock	PA
213.6	NE-VENUE	Kelly's Creekside Inn	Tunkhannock	PA
214.0	NE-HOUSE	Maureen and Gerry’s House Concerts	Le Roy	NY
214.5	NE-VENUE	BAD SONS Beer Co.	Derby	CT
214.7	NE-VENUE	Jones Family Farms	Shelton	CT
214.7	NE-VENUE	Jones Winery CT	Shelton	CT
214.7	NE-VENUE	Square Peg Pizzeria Shelton	Shelton	CT
215.2	NE-VENUE	Jam Room Brewing Company	Greentown	PA
215.7	NE-VENUE	Hudson Water Club	West Haverstraw	NY
216.0	NE-VENUE	The Green Growler	Croton-on-Hudson	NY
216.0	NE-THEATRE	The Grand	Croton-on-Hudson	NY
216.1	NE-VENUE	The Brown Jug	Monroeton	PA
216.2	NE-VENUE	Ale Mary’s at the Bittenbender	Scranton	PA
216.2	NE-THEATRE	Ritz Theater and Performing Arts Center	Scranton	PA
216.6	NE-VENUE	The Crowded Table Winery & Gifts	Millerton	PA
216.6	NE-VENUE	Dark Horse Saloon	Dansville	NY
216.9	NE-FEST	High Point Music Fest	Sussex	NJ
216.9	NE-HOUSE	GabeGate	Sussex	NJ
217.1	NE-VENUE	Alias Brew Works	Vernon Township	NJ
217.4	NE-VENUE	Bedford Playhouse Cafe	Bedford	NY
217.5	NE-LIBRARY	Pound Ridge Library	Pound Ridge	NY
217.5	NE-FEST	Shoreline Acoustic Fest	New Haven	CT
217.5	NE-VENUE	Cafe Nine	New Haven	CT
217.5	NE-VENUE	Bear's Smokehouse New Haven	New Haven	CT
217.5	NE-VENUE	MINIPNG	New Haven	CT
217.5	NE-VENUE	Never Ending Books	New Haven	CT
217.5	NE-VENUE	New Haven Folk Consortium	New Haven	CT
217.5	NE-VENUE	Three Sheets	New Haven	CT
218.1	NE-VENUE	Stappa Vineyard	Orange	CT
218.2	NE-VENUE	Millers cornmaze	Columbia Cross Roads	PA
218.4	NE-FEST	Trumbull Sunday Concert Series	Trumbull	CT
218.5	NE-VENUE	B W's Restaurant	Pavilion	NY
218.6	NE-VENUE	Rose Vineyards	North Branford	CT
219.2	NE-VENUE	Sing Sing Kill Brewery	Ossining	NY
219.4	NE-VENUE	Little House Brewing Company	Chester	CT
219.4	NE-LIBRARY	Wilton Library (Live Performance Series)	Wilton	CT
219.7	NE-VENUE	Riva Bar & Restaurant	West Haven	CT
219.7	NE-RADIO	WNHU	West Haven	CT
219.8	NE-LIBRARY	Chappaqua Library	Chappaqua	NY
219.9	NE-VENUE	Red Barn Cidery	Congers	NY
219.9	NE-VENUE	Strange Brew Pub	Norwich	CT
220.0	NE-LIBRARY	New City Library	New City	NY
220.3	NE-VENUE	Oscar's 2 Restaurant & Bar	Westchester County	NY
220.5	NE-RADIO	WXPK	Briarcliff Manor	NY
220.8	NE-VENUE	JUKEBOX STUDIOS	Deep River	CT
220.9	NE-VENUE	The Parlour	Providence	RI
220.9	NE-VENUE	Stripe Test Venue	Providence	RI
220.9	NE-HOUSE	38 East Manning	Providence	RI
220.9	NE-RADIO	WDOM	Providence	RI
221.0	NE-VENUE	Longley's Restaurant	Branford	CT
221.0	NE-VENUE	Tommy Sullivan's Cafe	Branford	CT
221.3	NE-VENUE	Grasshopper Irish Pub	West Milford	NJ
221.3	NE-VENUE	Old School Pub & Grill	West Milford	NJ
221.3	NE-VENUE	The Vreeland Store	West Milford	NJ
221.3	NE-HOUSE	CoyoteRidge Mountain House Concerts	West Milford	NJ
221.5	NE-VENUE	Nautilus	Milford	CT
221.5	NE-VENUE	SBC Restaurant and Beer Bar	Milford	CT
221.5	NE-VENUE	Stonebridge Restaurant	Milford	CT
221.5	NE-FEST	Pleasantville Music Festival	Pleasantville	NY
222.1	NE-LIBRARY	Valley Cottage Library	Valley Cottage	NY
222.1	NE-VENUE	Pomona Cultural Center	Suffern	NY
222.1	NE-VENUE	Milk Street Distillery	Branchville	NJ
222.1	NE-VENUE	Mountain House Tavern and Grill	Branchville	NJ
222.3	NE-VENUE	SE Uncorked	New Canaan	CT
222.3	NE-VENUE	Sam’s Bar & Grill	Ringwood	NJ
222.3	NE-HOUSE	Live @ Drew's	Ringwood	NJ
222.6	NE-VENUE	Bishop's Orchards Farm Market & Winery	Guilford	CT
222.6	NE-VENUE	Pa's Place	Guilford	CT
222.6	NE-VENUE	Jackson Square	Batavia	NY
222.9	NE-FEST	Gathering of the Vibes	Bridgeport	CT
222.9	NE-VENUE	The Acoustic (Park City Music Hall)	Bridgeport	CT
222.9	NE-VENUE	156 Midland St	Bridgeport	CT
222.9	NE-VENUE	Anthony’s House	Bridgeport	CT
222.9	NE-VENUE	BRYAC Black Rock	Bridgeport	CT
222.9	NE-VENUE	Norden Club	Bridgeport	CT
222.9	NE-RADIO	WPKN	Bridgeport	CT
223.1	NE-VENUE	Two Roads Brewing Company	Stratford	CT
223.1	NE-VENUE	Blackbird's Nest	Stratford	CT
223.1	NE-VENUE	Windmill Tavern	Stratford	CT
223.7	NE-VENUE	The Griswold Inn	Essex	CT
223.7	NE-VENUE	Drift	Essex	CT
223.7	NE-VENUE	Noah's at 63 Main	Essex	CT
223.7	NE-VENUE	Scotch Plains Tavern	Essex	CT
223.8	NE-VENUE	Black Duck Cafe	Westport	CT
223.8	NE-THEATRE	The Levitt Pavilion for the Performing Arts	Westport	CT
223.8	NE-LIBRARY	Westport Library (VersoFest)	Westport	CT
223.8	NE-VENUE	Charcoal Corral	Perry	NY
223.8	NE-VENUE	Silver Lake Brewing Project	Perry	NY
223.9	NE-VENUE	Booyah!	Mahwah	NJ
223.9	NE-VENUE	Brandywine Mahwah	Mahwah	NJ
223.9	NE-VENUE	Mason Jar	Mahwah	NJ
223.9	NE-LIBRARY	Mahwah Public Library	Mahwah	NJ
224.1	NE-VENUE	MAUREEN'S JAZZ CELLAR	Nyack	NY
224.1	NE-LIBRARY	Nyack Library (Carnegie Concert Series)	Nyack	NY
224.1	NE-HOUSE	Patti's Place House Concerts	Seekonk	MA
224.3	NE-VENUE	Outlaw Saloon	Chestnut Ridge	NY
224.4	NE-VENUE	Oakfield labor days	Oakfield	NY
224.6	NE-VENUE	Philipse Manor Beach Club,	Sleepy Hollow	NY
224.6	NE-FEST	Madison Summer Concert Series	Madison Center	CT
224.6	NE-VENUE	Madison Beach Hotel, Curio Collection by Hilton	Madison	CT
224.7	NE-THEATRE	SHU Community Theatre	Fairfield	CT
224.7	NE-VENUE	StageOne at FTC	Fairfield	CT
224.7	NE-RADIO	WVOF	Fairfield	CT
224.7	NE-VENUE	Mohegan Sun Wolf Den	Uncasville	CT
224.9	NE-VENUE	RBI Sports Pub	Hornell	NY
224.9	NE-VENUE	Sunset Grille	Norwalk	CT
224.9	NE-VENUE	Washington Social	Norwalk	CT
225.0	NE-VENUE	Lafayette House	Lafayette	NJ
225.6	NE-VENUE	The Pour House	Mountainhome	PA
225.6	NE-VENUE	Stew N' Dolly's Place	Ogdensburg	NJ
225.7	NE-VENUE	Medina Blue Thursdays	Medina	NY
225.8	NE-VENUE	Thrive at Montvale	Upper Montvale	NJ
226.1	NE-VENUE	The Shannon Rose Irish Pub	Ramsey	NJ
226.3	NE-VENUE	East Lyme Community Center	East Lyme	CT
226.3	NE-VENUE	Niantic Public House and Brewery	East Lyme	CT
226.6	NE-VENUE	Foxwoods Resort Casino	Ledyard	CT
226.7	NE-VENUE	Top of the World Restaurant	Bushkill	PA
226.7	NE-HOUSE	Cherry Bridge House Concerts	Bridgewater	MA
227.1	NE-VENUE	Rory's Restaurant	Darien	CT
227.5	NE-VENUE	Bill's Seafood Restaurant	Westbrook	CT
227.5	NE-VENUE	Coastline Brewing Company & Pizzeria	Westbrook	CT
227.5	NE-VENUE	Shayna B's By The Sea	Westbrook	CT
227.5	NE-VENUE	The Deck	Westbrook	CT
228.0	NE-VENUE	Myrcene Ale Co.	Old Saybrook	CT
228.1	NE-VENUE	Rockland Country Club	Sparkill	NY
228.2	NE-FEST	Skylands Folk Festival	Newton	NJ
228.2	NE-VENUE	Angry Erik Brewing, LLC	Newton	NJ
228.2	NE-VENUE	Lenape Lodge	Newton	NJ
228.2	NE-VENUE	Lentini Farms and Corn Maze	Newton	NJ
228.2	NE-VENUE	McQ's Pub at Lake Lenape	Newton	NJ
228.2	NE-VENUE	O'Reilly's Pub and Grill	Newton	NJ
228.2	NE-VENUE	The Greek's Tavern & Package Goods	Newton	NJ
228.4	NE-VENUE	Beer Garden at Shippan Landing	Stamford	CT
228.4	NE-VENUE	Bobby V's	Stamford	CT
228.4	NE-VENUE	Crab Shell	Stamford	CT
228.4	NE-VENUE	Farmhouse at the Crossroads	Stamford	CT
228.7	NE-VENUE	Morgan's Publick House	Tappan	NY
228.9	NE-LIBRARY	Franklin Lakes Public Library	Franklin Lakes	NJ
229.2	NE-VENUE	Krogh's Restaurant & Brew Pub	Sparta	NJ
229.3	NE-VENUE	Rusted Nut	Osceola	PA
229.4	NE-LIBRARY	Wyckoff Public Library	Wyckoff	NJ
229.4	NE-FEST	Dobb's Ferry Summer Concert	Dobbs Ferry	NY
229.4	NE-LIBRARY	Old Tappan Library	Old Tappan	NJ
229.7	NE-HOUSE	White Pine Woods Music Series	North Stonington	CT
229.7	NE-VENUE	l'escale restaurant	Greenwich	CT
229.7	NE-LIBRARY	Greenwich Library	Greenwich	CT
229.8	NE-RADIO	WCNI	New London	CT
229.9	NE-VENUE	The Cornerstone Restaurant & Bar	Hillsdale	NJ
229.9	NE-LIBRARY	Hillsdale Free Public Library	Hillsdale	NJ
230.1	NE-VENUE	100 Proof Bar and Bites	Butler	NJ
230.1	NE-VENUE	Galactic Theatre	Warren	RI
230.3	NE-VENUE	Mount Airy Casino Resort	Mt Pocono	PA
230.7	NE-VENUE	Five Dimes Brewery	Westwood	NJ
230.7	NE-VENUE	The Hideaway	Barker	NY
230.8	NE-VENUE	Upstream Gallery	Hastings-on-Hudson	NY
230.8	NE-VENUE	Mohegan Pensylvania	Wilkes-Barre	PA
230.8	NE-VENUE	Dog House Saloon & Grill	Township of Washington	NJ
231.2	NE-VENUE	Run & Hide Brewing Co.	Port Chester	NY
231.5	NE-LIBRARY	Ridgewood Public Library	Ridgewood	NJ
232.1	NE-VENUE	The Hill	Closter	NJ
232.4	NE-FEST	Pequannock Street Festival	Pompton Plains	NJ
232.5	NE-VENUE	Coveleigh Club	Rye	NY
232.5	NE-VENUE	Tiki Beach Pier Restaurant	Rye	NY
233.1	NE-FEST	Black Bear Americana Festival	Andover	NJ
233.5	NE-RADIO	WQRI	Bristol	RI
233.6	NE-LIBRARY	Louis Bay 2nd Public Library & Community Center	Hawthorne	NJ
233.7	NE-VENUE	Knoxville Social Club	Knoxville	PA
233.9	NE-HOUSE	Studio 84 House Concerts	Middleborough	MA
233.9	NE-VENUE	The Orange Lantern	Paramus	NJ
233.9	NE-LIBRARY	Paramus Public Library	Paramus	NJ
234.2	NE-VENUE	The Frogtown Inn Bed & Breakfast	Monroe County	PA
234.3	NE-VENUE	Qb's Bar and Grill	Dumont	NJ
234.5	NE-FEST	Steinyfest	Mamaroneck	NY
234.5	NE-VENUE	Six Flags Darien Lake	Darien Center	NY
234.5	NE-VENUE	ShawneeCraft Brewing Company	SHAWNEE ON DE	PA
234.6	NE-VENUE	Sanzari's New Bridge Inn	New Milford	NJ
234.9	NE-VENUE	Mason Street Grille	Lake Hopatcong	NJ
235.1	NE-VENUE	Becker Farms | Vizcarra Vineyards & Becker Brewing Co.	Gasport	NY
235.1	NE-VENUE	Becker Farms	Gasport	NY
235.1	NE-VENUE	Chop's Shop	Gasport	NY
235.2	NE-VENUE	Tommy Fox's Public House	Bergenfield	NJ
235.2	NE-VENUE	Tara Bar & Grill	Yonkers	NY
235.2	NE-VENUE	The Heritage	Yonkers	NY
235.3	NE-VENUE	Seven Tribesmen Brewery	Wayne	NJ
235.5	NE-VENUE	Sunset Pub & Grill	Lincoln Park	NJ
235.6	NE-HOUSE	South Shore Folk Music Club - Beal House	Kingston	MA
236.2	NE-VENUE	Club Wyndham Shawnee Village	East Stroudsburg	PA
236.2	NE-VENUE	Maxim Glen	Hopatcong	NJ
236.6	NE-LIBRARY	Mount Vernon Public Library	Mount Vernon	NY
236.8	NE-VENUE	Twin Door Tavern	Maywood	NJ
237.0	NE-RADIO	WRIU	Kingston	RI
237.2	NE-VENUE	Boonton Coffee Co	Boonton	NJ
237.2	NE-THEATRE	Sherman Theater	Stroudsburg	PA
237.2	NE-VENUE	The Living Room	Stroudsburg	PA
237.2	NE-HOUSE	Chester House Concerts	Stroudsburg	PA
237.2	NE-RADIO	WFDU	Teaneck	NJ
237.7	NE-VENUE	Rockaway River Barn	Rockaway	NJ
237.7	NE-VENUE	Tavern On the Rocks	Rockaway	NJ
237.7	NE-VENUE	The Exchange	Rockaway	NJ
237.8	NE-VENUE	Kent Beer Company	Andover	NY
238.0	NE-VENUE	SideBar Gastropub	Hackensack	NJ
238.0	NE-LIBRARY	Johnson Public Library	Hackensack	NJ
238.1	NE-HOUSE	Common Fence Music	Portsmouth	RI
238.2	NE-VENUE	Diamond Spring Brewing Company	Denville	NJ
238.2	NE-VENUE	Hilltop Tavern	Lodi	NJ
238.3	NE-LIBRARY	Fairfield Free Public Library	Fairfield	NJ
238.5	NE-VENUE	Maxwell Station	Olcott	NY
238.5	NE-VENUE	Northern Pier Bar & Grill	Olcott	NY
238.5	NE-VENUE	Knotty Pine Pub	Wharton	NJ
238.5	NE-VENUE	Taphouse 15	Wharton	NJ
238.6	NE-VENUE	Bell's Mansion	Stanhope	NJ
238.9	NE-HOUSE	Roots Hoot House Concerts	South Kingstown	RI
239.2	NE-LIBRARY	Roxbury Public Library	Roxbury Township	NJ
239.3	NE-LIBRARY	Emma S. Clark Memorial Library	Setauket	NY
239.4	NE-VENUE	4 Kings Distillery	Newfane	NY
239.4	NE-FEST	Downtown Plymouth Waterfront Festival	Plymouth	MA
239.6	NE-VENUE	Gas Light	Wellsboro	PA
239.6	NE-VENUE	Fat Bastard and Son's Restaurant	South Hackensack	NJ
239.6	NE-HOUSE	Cranberry County House Concerts	Carver	MA
239.6	NE-HOUSE	Pond Front House Concerts	Carver	MA
239.7	NE-LIBRARY	Leonia Public Library	Leonia	NJ
239.8	NE-VENUE	The Shannon Rose	Clifton	NJ
239.8	NE-VENUE	Ghost Hawk Brewing Company	Clifton	NJ
239.8	NE-VENUE	Dingbatz	Clifton	NJ
239.9	NE-VENUE	Daisy's Nashville Lounge	Miller Place	NY
240.0	NE-FEST	Earth Fest	Ridgefield Park	NJ
240.3	NE-VENUE	Nikki's Bar & Grill	Little Ferry	NJ
240.4	NE-VENUE	Cedar Bean's Coffee Joint	Cedar Grove	NJ
240.4	NE-VENUE	Claudio's Waterfront	Greenport	NY
240.4	NE-VENUE	Greenport Harbor Brewing Company	Greenport	NY
240.4	NE-VENUE	PORT Waterfont Bar & Grill	Greenport	NY
240.4	NE-LIBRARY	Floyd Memorial Library	Greenport	NY
240.5	NE-VENUE	Long Valley Pub & Brewery at Restaurant Village	Washington Township	NJ
240.5	NE-VENUE	Fort Lee Community Center	Fort Lee	NJ
240.5	NE-RADIO	WSHU	Stony Brook	NY
240.5	NE-RADIO	WUSB	Stony Brook	NY
240.7	NE-VENUE	Concourse Club	Wood-Ridge	NJ
240.8	NE-VENUE	Casita Maria Center for Arts & Education	Bronx County	NY
240.8	NE-VENUE	City Island Circle	Bronx County	NY
240.8	NE-VENUE	Rambling House	Bronx County	NY
240.8	NE-VENUE	RCCG Tabernacle of Restoration	Bronx County	NY
240.8	NE-VENUE	The Burren Public House	Bronx County	NY
240.8	NE-VENUE	The Dumpling Cove	Bronx County	NY
240.8	NE-LIBRARY	Mott Haven Library	Bronx County	NY
240.8	NE-LIBRARY	Wakefield Library	Bronx County	NY
241.2	NE-VENUE	Groff's Cafe on the Green	Lockport	NY
241.2	NE-VENUE	Hawley's Grove	Lockport	NY
241.2	NE-VENUE	Kenan Center	Lockport	NY
241.2	NE-VENUE	Lock 34 Bar & Grill	Lockport	NY
241.2	NE-VENUE	Marvin's at Widewaters	Lockport	NY
241.2	NE-VENUE	Niagara Hotel	Lockport	NY
241.2	NE-VENUE	Stooges	Lockport	NY
241.2	NE-VENUE	The Lock Tender	Lockport	NY
241.5	NE-FEST	State Fair Meadownlands	East Rutherford	NJ
241.5	NE-VENUE	The Roosevelt	East Rutherford	NJ
241.6	NE-VENUE	The Tap Room at Corey Creek	Southold	NY
241.8	NE-VENUE	Finley’s Of Greene Street	Huntington	NY
241.8	NE-VENUE	Tap Room	Huntington	NY
241.8	NE-VENUE	The Next Chapter	Huntington	NY
242.1	NE-VENUE	Twisted Cow Distillery	East Northport	NY
242.1	NE-VENUE	Montclair Brewery	Montclair	NJ
242.1	NE-VENUE	Just Jake's	Montclair	NJ
242.1	NE-HOUSE	Notes From Home House Concert Series	Montclair	NJ
242.1	NE-RADIO	WMSC	Montclair	NJ
242.2	NE-HOUSE	Log House Concerts	Westport	MA
242.2	NE-HOUSE	Folk on Foul Rift	Mount Bethel	PA
242.3	NE-VENUE	Beau's Bar	Greenlawn	NY
242.5	NE-FEST	Newport Folk Festival	Newport	RI
242.6	NE-VENUE	Harrison Field & Complex	Roseland	NJ
243.0	NE-VENUE	Autodidact Beer	Morris Plains	NJ
243.4	NE-VENUE	Forest Hill Field Club	Bloomfield	NJ
243.5	NE-VENUE	Glen Ridge Country Club	Glen Ridge	NJ
243.9	NE-LIBRARY	Morris County Library	Hanover	NJ
244.0	NE-HOUSE	Peckman / Kraus House Concert	West Orange	NJ
244.1	NE-VENUE	Borghese Vineyard	Cutchogue	NY
244.1	NE-VENUE	Touch of Venice	Cutchogue	NY
244.2	NE-VENUE	FBC Marilla	Marilla	NY
244.3	NE-VENUE	Brix Restaurant & Pizza Bar	Belleville	NJ
244.4	NE-VENUE	Sunset Grill	Wilson	NY
244.4	NE-VENUE	Wilson Boat House Restaurant	Wilson	NY
244.4	NE-VENUE	The Soapbox Presents	East Harlem	NY
244.5	NE-FEST	First Fridays	Mattituck	NY
244.6	NE-VENUE	Charlie's Corner	Secaucus	NJ
244.7	NE-RADIO	WCWP	Brookville	NY
244.7	NE-HOUSE	Shine Sessions House Concerts	Commack	NY
244.7	NE-LIBRARY	Great Neck Library	Great Neck	NY
244.8	NE-VENUE	Tavern off the Green	Morristown	NJ
244.8	NE-LIBRARY	The Morristown & Morris Township Library	Morristown	NJ
244.8	NE-VENUE	Minnow At The Galley Ho	New Suffolk	NY
245.1	NE-VENUE	The Delaney at the Green	Florham Park	NJ
245.2	NE-FEST	Bastille Day Festival	Manhattan	NY
245.2	NE-FEST	Broadway Astoria Festival	Manhattan	NY
245.2	NE-FEST	Waverly Place Festival	Manhattan	NY
245.2	NE-FEST	3rd Ave Cooper Square Festival	Manhattan	NY
245.2	NE-FEST	Broadway Union Square Festival	Manhattan	NY
245.2	NE-FEST	Grand Ave Qns Festival	Manhattan	NY
245.2	NE-FEST	Lexington Avenue Festival	Manhattan	NY
245.2	NE-FEST	Saint Nicholas Avenue Festival	Manhattan	NY
245.2	NE-FEST	Seventh Heaven Festival	Manhattan	NY
245.2	NE-FEST	Murray Hill Neighborhood Festival	Manhattan	NY
245.2	NE-FEST	60th Street Festival	Manhattan	NY
245.2	NE-FEST	63rd Drive Queens Festival	Manhattan	NY
245.2	NE-FEST	Astor Place Festival	Manhattan	NY
245.2	NE-FEST	Bleecker St Pompeii Festival	Manhattan	NY
245.2	NE-FEST	Broadway Memorial Day Fair	Manhattan	NY
245.2	NE-FEST	Court Street Brooklyn Festival	Manhattan	NY
245.2	NE-FEST	Graham Ave Fiesta	Manhattan	NY
245.2	NE-FEST	GreenpointAve Sunnyside Festival	Manhattan	NY
245.2	NE-FEST	MCC 2nd Avenue Festival	Manhattan	NY
245.2	NE-FEST	Broadway Spring Festival	Manhattan	NY
245.2	NE-FEST	Livable West Side Festival	Manhattan	NY
245.2	NE-FEST	NYC Street Fair	Manhattan	NY
245.2	NE-FEST	MaMaPaLooZa at Summer On The Hudson	Manhattan	NY
245.2	NE-FEST	Ave Herald Square Fair	Manhattan	NY
245.2	NE-FEST	Bleecker Street Festival	Manhattan	NY
245.2	NE-FEST	Broadway Festival	Manhattan	NY
245.2	NE-FEST	Columbus Ave Fair	Manhattan	NY
245.2	NE-FEST	Washington Square Spring Fair	Manhattan	NY
245.2	NE-FEST	West Side Spring Festival	Manhattan	NY
245.4	NE-VENUE	D'Avolio	East Amherst	NY
245.5	NE-VENUE	Clovis Point Vineyard & Winery	Laurel	NY
245.5	NE-LIBRARY	Middle Country Public Library Centereach Building	Centereach	NY
246.0	NE-VENUE	The Shillelagh Tavern	Astoria	NY
246.2	NE-FEST	EOMAC Fest	East Orange	NJ
246.2	NE-LIBRARY	East Orange Public Library	East Orange	NJ
246.6	NE-HOUSE	Silo Series House Concerts	Belvidere	NJ
246.6	NE-VENUE	Alstede Farms	Chester Township	NJ
246.7	NE-FEST	Chester Food Truck Festival	Chester	NJ
246.7	NE-VENUE	Garabrant Center	Mendham Borough	NJ
246.8	NE-HOUSE	Long Island HC	Lake Ronkonkoma	NY
246.8	NE-VENUE	Kupferberg Center for the Arts	Flushing	NY
246.8	NE-VENUE	The Plaxall Gallery	Flushing	NY
246.8	NE-VENUE	Fresh Meadow Country Club	Lake Success	NY
246.8	NE-VENUE	Villa Roma Resort	Calverton	NY
247.1	NE-VENUE	Madison Community Arts Center	Madison	NJ
247.3	NE-VENUE	Bistro 72	Riverhead	NY
247.3	NE-VENUE	Jamesport Farm Brewery	Riverhead	NY
247.3	NE-VENUE	Long Island Farm Brewery at Waterdrinker North Fork	Riverhead	NY
247.3	NE-VENUE	Montauk Distilling Co.	Riverhead	NY
247.3	NE-LIBRARY	Riverhead Free Library	Riverhead	NY
247.5	NE-HOUSE	Banjo Lisa's House Concerts	South Orange	NJ
247.5	NE-RADIO	WSOU	South Orange	NJ
247.5	NE-VENUE	Felina Steak South Orange	South Orange Village	NJ
247.8	NE-FEST	Hoboken Fall Arts and Music Festival	Hoboken	NJ
247.8	NE-FEST	Hoboken Spring Arts and Music Festival	Hoboken	NJ
247.8	NE-VENUE	Finnegan's Pub	Hoboken	NJ
247.8	NE-VENUE	Hoboken	Hoboken	NJ
247.8	NE-VENUE	River Street Garage, LLC.	Hoboken	NJ
247.8	NE-VENUE	Willie McBride’s	Hoboken	NJ
247.9	NE-VENUE	Culture Lab	Long Island City	NY
248.1	NE-VENUE	Long Island Farm Brewery	Manorville	NY
248.3	NE-VENUE	The Newark Museum of Art	Newark	NJ
248.5	NE-HOUSE	The Funkhouse	Westbury	NY
248.5	NE-LIBRARY	Westbury Memorial Public Library	Westbury	NY
248.5	NE-VENUE	Turkey Run Golf Course	Arcade	NY
248.7	NE-FEST	Maplewood Gazebo Summer Concert Series	Maplewood	NJ
248.7	NE-HOUSE	Empty Nest Concerts	Maplewood	NJ
248.9	NE-VENUE	Creekview Restaurant	Williamsville	NY
248.9	NE-VENUE	Ration Ales	Williamsville	NY
248.9	NE-VENUE	Santora’s on Transit	Williamsville	NY
248.9	NE-FEST	Berry Lane Music Fest (Berry Lane Park)	Jersey City	NJ
248.9	NE-FEST	Jersey City Earth Day	Jersey City	NJ
248.9	NE-VENUE	The Hutton	Jersey City	NJ
248.9	NE-VENUE	150 Bay Street	Jersey City	NJ
248.9	NE-VENUE	Barge Inn Tavern	Jersey City	NJ
248.9	NE-VENUE	Nimbus Arts Center - Nimbus Dance	Jersey City	NJ
248.9	NE-VENUE	Pet Shop	Jersey City	NJ
248.9	NE-VENUE	Six26 - Lounge and Rooftop	Jersey City	NJ
248.9	NE-HOUSE	AJ Mahal House Concerts	Jersey City	NJ
248.9	NE-HOUSE	Heights House Concert Series	Jersey City	NJ
248.9	NE-HOUSE	Spiral Sounds Concerts	Jersey City	NJ
248.9	NE-RADIO	WFMU	Jersey City	NJ
249.0	NE-FEST	Borderland Music Festival	East Aurora	NY
249.0	NE-VENUE	42 North Brewing	East Aurora	NY
249.0	NE-VENUE	Kodiak Jacks	East Aurora	NY
249.1	NE-VENUE	Millhouse Inn	Yaphank	NY
249.2	NE-FEST	Mattapoisett Harbor Days	Mattapoisett	MA
249.2	NE-VENUE	Millburn Town Hall	Millburn	NJ
249.3	NE-FEST	Long Island Fun Fest	Brentwood	NY
249.4	NE-VENUE	Alewife Brewing	Queens County	NY
249.4	NE-VENUE	Bridge and Tunnel Brewery	Queens County	NY
249.4	NE-VENUE	Espresso 77	Queens County	NY
249.4	NE-VENUE	Footlight Underground At Windjammer	Queens County	NY
249.4	NE-VENUE	George Seuffert, Sr. Bandshell	Queens County	NY
249.4	NE-VENUE	Kennedy's	Queens County	NY
249.4	NE-VENUE	LIC Bar	Queens County	NY
249.4	NE-VENUE	Maggie Hall's	Queens County	NY
249.4	NE-VENUE	Mike's Tavern	Queens County	NY
249.4	NE-VENUE	Rockaway Bazaar	Queens County	NY
249.4	NE-VENUE	Sala Astoria	Queens County	NY
249.4	NE-VENUE	Vetro Restaurant & Lounge	Queens County	NY
249.4	NE-THEATRE	Rockaway Beach Amphitheater	Queens County	NY
249.4	NE-LIBRARY	Queens Public Library at Central	Queens County	NY
249.9	NE-LIBRARY	Bethpage Public Library	Bethpage	NY
250.0	NE-FEST	Porch Stomp	New York	NY
250.0	NE-VENUE	Arthur's Tavern	New York	NY
250.0	NE-VENUE	David Rubenstein Atrium at Lincoln Center	New York	NY
250.0	NE-VENUE	Otto's Shrunken Head	New York	NY
250.0	NE-VENUE	Paramount Hotel Times Square	New York	NY
250.0	NE-VENUE	Peck Slip Social	New York	NY
250.0	NE-VENUE	Shrine	New York	NY
250.0	NE-VENUE	Silvana	New York	NY
250.0	NE-VENUE	The Bowery Electric	New York	NY
250.0	NE-VENUE	The Campbell	New York	NY
250.0	NE-VENUE	The Gin Mill	New York	NY
250.0	NE-VENUE	The Parlour	New York	NY
250.0	NE-VENUE	The Rum House	New York	NY
250.0	NE-VENUE	The Wallace Lounge	New York	NY
250.0	NE-VENUE	The Wayland	New York	NY
250.0	NE-VENUE	11th Street Bar	New York	NY
250.0	NE-VENUE	1803 NYC	New York	NY
250.0	NE-VENUE	314 - pizza,pasta&cocktailbar	New York	NY
250.0	NE-VENUE	Club Cumming	New York	NY
250.0	NE-VENUE	Cocina Consuelo	New York	NY
250.0	NE-VENUE	Cowgirl SeaHorse	New York	NY
250.0	NE-VENUE	Cre8ive NYC - Multipurpose Office/Studio/Rehearsal Spaces	New York	NY
250.0	NE-VENUE	Daisy Dukes Honky Tonk	New York	NY
250.0	NE-VENUE	David Geffen Hall	New York	NY
250.0	NE-VENUE	Doc Watson's	New York	NY
250.0	NE-VENUE	Festival Cafe	New York	NY
250.0	NE-VENUE	Flûte Champagne Bar	New York	NY
250.0	NE-VENUE	Garage Sale Vintage - New York	New York	NY
250.0	NE-VENUE	Gordon K. and Harriet Greenfield Hall	New York	NY
250.0	NE-VENUE	Great Hill	New York	NY
250.0	NE-VENUE	Great Jones Distilling Co	New York	NY
250.0	NE-VENUE	Hair of the Dog	New York	NY
250.0	NE-VENUE	Heaven Can Wait	New York	NY
250.0	NE-VENUE	Henry Street Lower East Side	New York	NY
250.0	NE-VENUE	Hippo Playground	New York	NY
250.0	NE-VENUE	Hudson Yards	New York	NY
250.0	NE-VENUE	Il Sole	New York	NY
250.0	NE-VENUE	Jazzmobile Inc	New York	NY
250.0	NE-VENUE	Kalye	New York	NY
250.0	NE-VENUE	Kismat	New York	NY
250.0	NE-VENUE	La Palapa	New York	NY
250.0	NE-VENUE	Little Island	New York	NY
250.0	NE-VENUE	Lucky	New York	NY
250.0	NE-VENUE	Madame George	New York	NY
250.0	NE-VENUE	Margaritaville Resort Times Square	New York	NY
250.0	NE-VENUE	Martinique New York on Broadway, Curio Collection by Hilton	New York	NY
250.0	NE-VENUE	Monarch Rooftop Bar	New York	NY
250.0	NE-VENUE	Moynihan Hall Amtrak Lounge	New York	NY
250.0	NE-VENUE	Mr. Purple	New York	NY
250.0	NE-VENUE	New York City Center	New York	NY
250.0	NE-VENUE	North Square	New York	NY
250.0	NE-VENUE	Off the Wagon	New York	NY
250.0	NE-VENUE	Pershing Square	New York	NY
250.0	NE-VENUE	Prohibition	New York	NY
250.0	NE-VENUE	PUBLIC Hotel	New York	NY
250.0	NE-VENUE	Rebel	New York	NY
250.0	NE-VENUE	Rockefeller Center	New York	NY
250.0	NE-VENUE	Rosevale Cocktail Room	New York	NY
250.0	NE-VENUE	Rough Trade Below	New York	NY
250.0	NE-VENUE	Russian Samovar	New York	NY
250.0	NE-VENUE	Saint Tuesday	New York	NY
250.0	NE-VENUE	Silence Please	New York	NY
250.0	NE-VENUE	Stella & Fly	New York	NY
250.0	NE-VENUE	Stout NYC Grand Central	New York	NY
250.0	NE-VENUE	The Clemente Soto Vélez Cultural & Educational Center	New York	NY
250.0	NE-VENUE	The Ellington Room at Manhattan Plaza	New York	NY
250.0	NE-VENUE	The Ivy Room	New York	NY
250.0	NE-VENUE	The Long Room	New York	NY
250.0	NE-VENUE	The Ned Nomad	New York	NY
250.0	NE-VENUE	The Perry Club by Pasta By Hudson	New York	NY
250.0	NE-VENUE	The Red Lion	New York	NY
250.0	NE-VENUE	The Speakeasy at The Gin Mill	New York	NY
250.0	NE-VENUE	The Underground at Jaffe Drive	New York	NY
250.0	NE-VENUE	The Wall Street Hotel	New York	NY
250.0	NE-VENUE	The Waylon	New York	NY
250.0	NE-VENUE	The Whitby Hotel	New York	NY
250.0	NE-VENUE	Times Square Live	New York	NY
250.0	NE-VENUE	Times Square Live (TSQ Live)	New York	NY
250.0	NE-VENUE	Tomi Jazz	New York	NY
250.0	NE-VENUE	Torch & Crown Brewing Union Square	New York	NY
250.0	NE-VENUE	Tubby Hook Tavern	New York	NY
250.0	NE-VENUE	Ulysses	New York	NY
250.0	NE-VENUE	Upon The Palace	New York	NY
250.0	NE-VENUE	VERS — gay bar nyc	New York	NY
250.0	NE-VENUE	West Harlem Piers	New York	NY
250.0	NE-VENUE	Winnie's Jazz Bar	New York	NY
250.0	NE-THEATRE	Lincoln Center Theater	New York	NY
250.0	NE-THEATRE	Rumsey Playfield	New York	NY
250.0	NE-THEATRE	Stern Auditorium / Perelman Stage at Carnegie Hall	New York	NY
250.0	NE-VENUE	Laurie Beechman Theatre	New York	NY
250.0	NE-VENUE	Bowery Electric	New York	NY
250.0	NE-VENUE	Birdland	New York	NY
250.0	NE-VENUE	The Slipper Room	New York	NY
250.0	NE-VENUE	Le Poisson Rouge	New York	NY
250.0	NE-VENUE	Nightclub 101	New York	NY
250.0	NE-VENUE	The Delancey	New York	NY
250.0	NE-HOUSE	Belmont-Jennings House	New York	NY
250.0	NE-HOUSE	Jenkins House Concerts	New York	NY
250.0	NE-HOUSE	Kathryn’s House Concerts Series	New York	NY
250.0	NE-LIBRARY	Riverside Library	New York	NY
250.0	NE-LIBRARY	Roosevelt Island Library	New York	NY
250.0	NE-LIBRARY	Stavros Niarchos Foundation Library	New York	NY
250.0	NE-RADIO	WFUV	New York	NY
250.0	NE-RADIO	WNYU	New York	NY
250.0	NE-VENUE	Saturn Road	New York	NY
250.0	NE-VENUE	Bull N Bear Brewery	Summit	NJ
250.0	NE-VENUE	Canoe Brook Country Club	Summit	NJ
250.0	NE-VENUE	The Albion Summit	Summit	NJ
250.1	NE-FEST	Queens Blvd Forest Hills Festival	Forest Hills	NY
250.1	NE-VENUE	Swing the Teapot	Floral Park	NY
250.2	NE-VENUE	Garden City Country Club	Garden City	NY
250.2	NE-HOUSE	Our Times Coffeehouse	Garden City	NY
250.2	NE-RADIO	WHPC	Garden City	NY
250.5	NE-VENUE	The Claremont Tavern	Bernardsville	NJ
250.5	NE-VENUE	Angry Dad Draught House	Washington	NJ
251.0	NE-VENUE	Nutty Irishman	Farmingdale	NY
251.0	NE-VENUE	The Villager Farmingdale	Farmingdale	NY
251.0	NE-VENUE	Alibi Speakeasy & Lounge	Farmingdale	NY
251.0	NE-VENUE	Elise's Niece's Cafe	Farmingdale	NY
251.0	NE-VENUE	The Coop Bar & Lounge	Farmingdale	NY
251.0	NE-VENUE	Municipal Building Union N.J.	Union	NJ
251.0	NE-VENUE	Dada	Ridgewood	NY
251.0	NE-THEATRE	Stone Circle Theatre	Ridgewood	NY
251.0	NE-VENUE	Jones Bar	Ridgewood	NY
251.0	NE-VENUE	Gottscheer Hall	Ridgewood	NY
251.2	NE-VENUE	Nine is Fine Pub	Sanborn	NY
251.2	NE-VENUE	Sunflowers of Sanborn	Sanborn	NY
251.3	NE-VENUE	Jazzboline Restaurant & Bar	Amherst	NY
251.3	NE-VENUE	Desert 5 Spot	Downtown Brooklyn	NY
251.4	NE-VENUE	Diamond Hawk	Cheektowaga	NY
251.5	NE-THEATRE	Harry Chapin Lakeside Theatre	East Meadow	NY
251.5	NE-LIBRARY	East Meadow Public Library	East Meadow	NY
251.7	NE-LIBRARY	West Hempstead Public Library	West Hempstead	NY
251.9	NE-VENUE	Resorts World Casino New York City	Jamaica	NY
252.5	NE-VENUE	STUDIO 1514	Bedstuy	NY
252.5	NE-FEST	Governors Ball Music Festival	Queens	NY
252.5	NE-FEST	Woodside Queens Festival	Queens	NY
252.5	NE-FEST	31st Street Festival	Queens	NY
252.7	NE-FEST	Great South Bay Music Festival	Patchogue	NY
252.7	NE-VENUE	89 North Music Venue	Patchogue	NY
252.7	NE-VENUE	Jardín Kitchen & Cocktails	Patchogue	NY
252.7	NE-HOUSE	Down By The Creek House Concerts	Patchogue	NY
252.8	NE-VENUE	Vintage Tavern	Gillette	NJ
252.8	NE-VENUE	Oakdale Yacht Club	Oakdale	NY
252.8	NE-VENUE	Shakers Pub	Oakdale	NY
252.9	NE-THEATRE	The Stephen Talkhouse	Amagansett	NY
253.0	NE-VENUE	Stage House Tavern Mountainside	Mountainside	NJ
253.0	NE-FEST	Montauk Music Festival	Montauk	NY
253.1	NE-VENUE	Great South Bay Brewery	Bay Shore	NY
253.1	NE-VENUE	Alive By the Bay	Bay Shore	NY
253.1	NE-VENUE	Butera's - Bay Shore	Bay Shore	NY
253.1	NE-VENUE	Goody Two Shoes	Bay Shore	NY
253.2	NE-VENUE	Bayside Clam & Grill	East Islip	NY
253.2	NE-VENUE	Moriches Field Brewing Co.	Center Moriches	NY
253.3	NE-THEATRE	Ritz Theatre	Elizabeth	NJ
253.3	NE-VENUE	Sun Tavern	Roselle Park	NJ
253.8	NE-VENUE	Tomasello Winery Tasting Room - Cranford	Cranford	NJ
253.9	NE-VENUE	Farrell's of Brooklyn	West Islip	NY
253.9	NE-VENUE	Lions Roar Brewing Co.	Westfield	NJ
254.0	NE-LIBRARY	Rogers Memorial Library	Southampton	NY
254.0	NE-RADIO	WLIW	Southampton	NY
254.2	NE-VENUE	Bellport Bandshell	Bellport	NY
254.3	NE-VENUE	Crossroads	Garwood	NJ
254.3	NE-VENUE	The Blueberry Treehouse Farm	West Falls	NY
254.4	NE-FEST	Brooklyn Americana Music Fest	Brooklyn	NY
254.4	NE-FEST	Flatbush Avenue Summer Street Festival	Brooklyn	NY
254.4	NE-FEST	Church Avenue Street Festival	Brooklyn	NY
254.4	NE-FEST	Bayou ’n’ Brooklyn Music Festival	Brooklyn	NY
254.4	NE-FEST	Myrtle Ave Spring Fair	Brooklyn	NY
254.4	NE-FEST	Brooklyn Folk Festival	Brooklyn	NY
254.4	NE-VENUE	Barbès	Brooklyn	NY
254.4	NE-VENUE	Pete's Candy Store	Brooklyn	NY
254.4	NE-VENUE	Skinny Dennis	Brooklyn	NY
254.4	NE-VENUE	68 Jay Street Bar	Brooklyn	NY
254.4	NE-VENUE	Alphaville	Brooklyn	NY
254.4	NE-VENUE	Antidote	Brooklyn	NY
254.4	NE-VENUE	Anyway Cafe	Brooklyn	NY
254.4	NE-VENUE	Bad Therapy	Brooklyn	NY
254.4	NE-VENUE	Bakery by Textbook	Brooklyn	NY
254.4	NE-VENUE	Brooklyn Artery	Brooklyn	NY
254.4	NE-VENUE	Brooklyn Botanic Garden	Brooklyn	NY
254.4	NE-VENUE	Brooklyn Conservatory of Music	Brooklyn	NY
254.4	NE-VENUE	Brooklyn Navy Yard	Brooklyn	NY
254.4	NE-VENUE	Carousel	Brooklyn	NY
254.4	NE-VENUE	Crystal Lake Brooklyn	Brooklyn	NY
254.4	NE-VENUE	Doublé	Brooklyn	NY
254.4	NE-VENUE	East River Bar	Brooklyn	NY
254.4	NE-VENUE	Eavesdrop	Brooklyn	NY
254.4	NE-VENUE	Empire Stores	Brooklyn	NY
254.4	NE-VENUE	Fiction Bar/Cafe	Brooklyn	NY
254.4	NE-VENUE	Freddy's Bar	Brooklyn	NY
254.4	NE-VENUE	Friends and Lovers	Brooklyn	NY
254.4	NE-VENUE	Grimm Artisanal Ales	Brooklyn	NY
254.4	NE-VENUE	Hell Phone	Brooklyn	NY
254.4	NE-VENUE	Hometown BBQ	Brooklyn	NY
254.4	NE-VENUE	Leland Eating and Drinking House	Brooklyn	NY
254.4	NE-VENUE	Lena Horne Bandshell	Brooklyn	NY
254.4	NE-VENUE	LunÀtico	Brooklyn	NY
254.4	NE-VENUE	Mama Tried	Brooklyn	NY
254.4	NE-VENUE	Nook	Brooklyn	NY
254.4	NE-VENUE	Open Source Gallery Inc.	Brooklyn	NY
254.4	NE-VENUE	Radegast Hall & Biergarten	Brooklyn	NY
254.4	NE-VENUE	Secret Pour	Brooklyn	NY
254.4	NE-VENUE	ShapeShifter Lab	Brooklyn	NY
254.4	NE-VENUE	Speakeasy BKLYN	Brooklyn	NY
254.4	NE-VENUE	St. James Place	Brooklyn	NY
254.4	NE-VENUE	Sunny's	Brooklyn	NY
254.4	NE-VENUE	Sunset Stoop	Brooklyn	NY
254.4	NE-VENUE	The Commissioner	Brooklyn	NY
254.4	NE-VENUE	The Good Fork Pub	Brooklyn	NY
254.4	NE-VENUE	The Liberty Warehouse	Brooklyn	NY
254.4	NE-VENUE	The Turk's Inn	Brooklyn	NY
254.4	NE-VENUE	Therapy Wine Bar 2.0	Brooklyn	NY
254.4	NE-VENUE	Threes Brewing	Brooklyn	NY
254.4	NE-VENUE	Trash Bridge	Brooklyn	NY
254.4	NE-VENUE	Wonderville	Brooklyn	NY
254.4	NE-VENUE	Young Ethel's	Brooklyn	NY
254.4	NE-THEATRE	Ford Amphitheater at Coney Island Boardwalk	Brooklyn	NY
254.4	NE-THEATRE	Jalopy Theatre	Brooklyn	NY
254.4	NE-THEATRE	The Billie Holiday Theatre	Brooklyn	NY
254.4	NE-VENUE	Desert 5 Spot	Brooklyn	NY
254.4	NE-HOUSE	House of Love Concerts	Brooklyn	NY
254.4	NE-HOUSE	Paul's Brooklyn House Concerts	Brooklyn	NY
254.4	NE-LIBRARY	Brooklyn Heights Library	Brooklyn	NY
254.4	NE-LIBRARY	Brooklyn Public Library - Sheepshead Bay Branch	Brooklyn	NY
254.4	NE-VENUE	The Neverending Story	Babylon	NY
254.4	NE-HOUSE	Finch Mountain House Concerts	Babylon	NY
254.5	NE-VENUE	Mercato Kitchen & Cocktails	Massapequa Park	NY
254.6	NE-FEST	Lindenhurst Springfest	Lindenhurst	NY
254.6	NE-VENUE	Katch at Venetian Shores	Lindenhurst	NY
254.6	NE-VENUE	Lindenhurst Town Square and Gazebo	Lindenhurst	NY
254.8	NE-VENUE	Toomey's Tavern	Amityville	NY
254.9	NE-VENUE	Wayland Brewing Company	Orchard Park	NY
255.1	NE-FEST	Merrick Spring Festival	Merrick	NY
255.1	NE-VENUE	Paddy Power Pub	Merrick	NY
255.1	NE-HOUSE	Court House Concerts	Merrick	NY
255.1	NE-HOUSE	Monocacy Creek House Concerts	Nazareth	PA
255.2	NE-FEST	Fanwood Fanny wood Day Street Fair	Fanwood	NJ
255.2	NE-FEST	Fanwood Summer Fan Jam	Fanwood	NJ
255.3	NE-HOUSE	Songbox House Concerts	Seaford	NY
255.8	NE-HOUSE	Evergreen House Concerts	Plainfield	NJ
256.2	NE-VENUE	Raymond Wood Bauer Promenade	Linden	NJ
256.2	NE-LIBRARY	Linden Free Public Library	Linden	NJ
256.8	NE-VENUE	Willie May’s Orchard Place Speakeasy	Lackawanna	NY
256.8	NE-VENUE	The Irish Mafia Brewing Company	Bloomfield	NY
256.8	NE-VENUE	Noble Shepherd Craft Brewery	Bloomfield	NY
257.2	NE-VENUE	Watt Lounge	Rahway	NJ
257.5	NE-FEST	Artpark Free Tuesday Concert Series	Lewiston	NY
257.5	NE-VENUE	The Griffon Gastropub	Lewiston	NY
257.5	NE-FEST	Buffalo Cherry Blossom Festival	Buffalo	NY
257.5	NE-VENUE	Nietzsche's	Buffalo	NY
257.5	NE-VENUE	Sportsmens Tavern	Buffalo	NY
257.5	NE-VENUE	duende at silo city	Buffalo	NY
257.5	NE-VENUE	Elmwood Taco & Subs	Buffalo	NY
257.5	NE-VENUE	Flying Bison Brewing Co	Buffalo	NY
257.5	NE-VENUE	Hydraulic Hearth	Buffalo	NY
257.5	NE-VENUE	Jack Rabbit	Buffalo	NY
257.5	NE-VENUE	Larkin Square	Buffalo	NY
257.5	NE-VENUE	Osteria 166	Buffalo	NY
257.5	NE-VENUE	Revolver Records	Buffalo	NY
257.5	NE-VENUE	Southern Junction	Buffalo	NY
257.5	NE-VENUE	Sto Lat Bar	Buffalo	NY
257.5	NE-VENUE	Talty's Tavern	Buffalo	NY
257.5	NE-VENUE	Terminal B	Buffalo	NY
257.5	NE-VENUE	The Draft Room	Buffalo	NY
257.5	NE-THEATRE	The Town Ballroom	Buffalo	NY
257.5	NE-RADIO	WBNY	Buffalo	NY
257.6	NE-FEST	Boo Fest	Easton	PA
257.7	NE-FEST	Chelsea Spring Fair	Chelsea	NY
258.0	NE-VENUE	Rippers	Far Rockaway	NY
259.0	NE-FEST	Dunellen Harvest Fest	Dunellen	NJ
259.2	NE-VENUE	Dive	Fire Island	NY
259.3	NE-VENUE	Beginnings	Atlantic Beach	NY
259.3	NE-VENUE	Sandbar Fire Island	Ocean Beach	NY
259.3	NE-VENUE	Carteret Performing Arts and Events Center	Carteret	NJ
259.6	NE-VENUE	Borrelli's Tap Room	Long Beach	NY
259.6	NE-VENUE	Bright Eye Beer Co.	Long Beach	NY
259.6	NE-VENUE	JJ Coopers - American Restaurant & Bar	Long Beach	NY
259.6	NE-VENUE	The Saloon	Long Beach	NY
259.7	NE-VENUE	The Buoy Bar	Point Lookout	NY
260.1	NE-VENUE	Springville Center for the Arts	Springville	NY
260.3	NE-VENUE	The Hop Shoppe	Staten Island	NY
260.3	NE-HOUSE	Hamilton Park House Concerts	Staten Island	NY
260.3	NE-VENUE	Seneca Niagara Resort & Casino	Niagara Falls	NY
260.3	NE-VENUE	Hard Rock Cafe	Niagara Falls	NY
260.3	NE-VENUE	Old Falls Street Burgers	Niagara Falls	NY
260.4	NE-VENUE	Yankee BBQ Smokehouse & Tavern	Hamburg	NY
260.6	NE-VENUE	Anchors Tiki Bar	Woodbridge Township	NJ
260.6	NE-VENUE	J.J. Bitting Brewing Co.	Woodbridge Township	NJ
261.4	NE-HOUSE	No Place Special House Concerts	Mashpee	MA
261.6	NE-VENUE	Daily Brew Coffee House & Lounge	Falmouth	MA
263.6	NE-FEST	Bethlehem Musikfest	Bethlehem	PA
263.6	NE-VENUE	Godfrey Daniels	Bethlehem	PA
264.5	NE-FEST	Milford Alive	Milford	NJ
266.1	NE-FEST	Garden State Folk Festival	New Brunswick	NJ
266.1	NE-FEST	New Jersey Folk Festival	New Brunswick	NJ
266.1	NE-RADIO	WRSU	New Brunswick	NJ
266.1	NE-VENUE	River Of Beer	Bloomingdale	NJ
266.3	NE-FEST	Great Pennsylvania Music & Arts Celebration	Allentown	PA
266.6	NE-RADIO	WERU	Orland	ME
267.4	NE-FEST	Sourland Music Festival	Hillsborough	NJ
268.3	NE-RADIO	WSBU	St. Bonaventure	NY
268.8	NE-FEST	Summer Festival of the Music	Ellicottville	NY
268.8	NE-VENUE	Balloons Restaurant & Night Club	Ellicottville	NY
268.8	NE-VENUE	Mill St. Sports Pub	Ellicottville	NY
268.8	NE-VENUE	Villaggio	Ellicottville	NY
270.0	NE-FEST	East Brunswick Art and Music Festival	East Brunswick	NJ
271.0	NE-FEST	Kettle Creek Music Festival	Cross Fork	PA
271.2	NE-RADIO	WMEB	Orono	ME
272.9	NE-HOUSE	Brick Hill House Concerts	Orleans	MA
273.9	NE-HOUSE	Singing Oak House Concerts	West Harwich	MA
274.2	NE-HOUSE	Austin East House Concerts	Hopewell	NJ
275.2	NE-VENUE	Seneca Allegany Resort & Casino	Salamanca	NY
275.9	NE-VENUE	Cabana Sam's Sunset Bay Grill	Irving	NY
276.4	NE-VENUE	Ye Tavern Bar, Hilton	Princeton	NJ
276.4	NE-HOUSE	Music at Maltby's	Princeton	NJ
276.4	NE-RADIO	WPRB	Princeton	NJ
279.6	NE-HOUSE	Salon 33	West Windsor Township	NJ
280.3	NE-HOUSE	Worldwind House Concerts	Lawrenceville	NJ
280.4	NE-VENUE	The Lodge at Glendorn	Bradford	PA
281.1	NE-VENUE	HBCC Clubhouse	Silver Creek	NY
281.3	NE-HOUSE	Concerts in the Studio	Freehold	NJ
282.6	NE-HOUSE	Pete and Lisa's Ewing House Concerts	Ewing	NJ
282.6	NE-RADIO	WTSR	Ewing	NJ
284.0	NE-VENUE	Merritt Estate Winery	Forestville	NY
284.0	NE-VENUE	Wonder Park	Asbury Park	NJ
285.3	NE-HOUSE	Camp Marshall House Concerts	Robbinsville Township	NJ
286.1	NE-HOUSE	Krobath Concert Series	Hatfield	PA
286.1	NE-FEST	Hamilton Epicurean Palette	Hamilton	NJ
286.3	NE-HOUSE	Got Music	Newtown	PA
286.8	NE-HOUSE	Mueller House Concerts	Warrington	PA
287.1	NE-FEST	Philadelphia Folk Festival	Harleysville	PA
290.0	NE-HOUSE	Stone Turtle House Concerts	Southampton	PA
291.9	NE-VENUE	Downtown Brew	Fredonia	NY
292.7	NE-VENUE	The Beekeepers Cafe	Pottstown	PA
293.2	NE-VENUE	Flanagan's Pub	Shillington	PA
293.4	NE-FEST	Point Pleasant Summer fest	Point Pleasant	NJ
294.2	NE-HOUSE	House Concert Dresher, PA	Dresher	PA
294.2	NE-HOUSE	Private House Concert, Dresher, PA	Dresher	PA
294.8	NE-HOUSE	Rosie's Cafe Concerts	Brick Township	NJ
298.0	NE-HOUSE	The Threepenny Opry House Concert Series	Mont Clare	PA
298.3	NE-HOUSE	CubiZm Cafe	Lafayette Hill	PA
299.7	NE-FEST	Conshohocken Funfest	Conshohocken	PA
299.7	NE-VENUE	Kane Manor Inn	Kane	PA
300.0	NE-FEST	King of Prussia on the Greens	King of Prussia	PA
300.8	NE-VENUE	Casali's Grille	Saint Marys	PA
300.8	NE-VENUE	Straub Brewery Visitor Center & Tap Room	Saint Marys	PA
300.8	NE-VENUE	THE NEW WEST WIND RESTAURANT	Saint Marys	PA
300.9	NE-FEST	Centre Hall Spring Show	Centre Hall	PA
301.3	NE-FEST	RockFest	Grantville	PA
301.8	NE-HOUSE	Chris and Deb's House Concerts	Riverton	NJ
301.8	NE-HOUSE	Circle of Friends House Concerts	Riverton	NJ
302.4	NE-FEST	Summer in the Street	Toms River	NJ
302.4	NE-FEST	Rock the River	Toms River	NJ
303.0	NE-FEST	Rock The Farm Festival	Seaside Heights	NJ
303.0	NE-FEST	Jersey Shore Festival	Seaside Heights	NJ
303.0	NE-HOUSE	Musical Lairs House Concert Series	Villanova	PA
303.6	NE-FEST	Pine Beach Fire Fest	Pine Beach	NJ
303.7	NE-VENUE	Group Ther-Happy	Lakewood	NY
303.7	NE-VENUE	Lakewood Rod & Gun Club Inc	Lakewood	NY
303.7	NE-VENUE	The Empty Pint	Lakewood	NY
304.2	NE-VENUE	Bemus Point Golf Club & Tap House	Bemus Point	NY
304.2	NE-VENUE	Ellicottville Brewing on Chautauqua	Bemus Point	NY
304.3	NE-HOUSE	Jen and Dave's House Concert	Moorestown	NJ
304.5	NE-FEST	Terre Hill Days Festival	Terre Hill	PA
305.0	NE-FEST	Malvern Harvest Octoberfest	Malvern	PA
305.0	NE-FEST	Malvern Blooms Festival	Malvern	PA
305.1	NE-HOUSE	Oak Mountain Hideaway House Concerts	Frenchville	PA
305.2	NE-FEST	Whistle Stop Spring Night Market	Ephrata	PA
305.7	NE-VENUE	Bent Run Brewing Company	Warren	PA
306.3	NE-VENUE	Kinzua Wolf Run Marina	Clarendon	PA
306.5	NE-FEST	Havertown Harvest	Havertown	PA
306.5	NE-FEST	Haverford Music Festival	Havertown	PA
306.5	NE-FEST	Haverford Spring Fest	Havertown	PA
306.8	NE-VENUE	Five & 20 Spirits & Brewing	Westfield	NY
306.9	NE-FEST	Little Buffalo Festival	Newport	PA
307.0	NE-FEST	Art Is Life	Philadelphia	PA
307.0	NE-VENUE	The Rotunda	Philadelphia	PA
307.0	NE-VENUE	Mermaid Inn	Philadelphia	PA
307.0	NE-HOUSE	Corner House Concerts	Philadelphia	PA
307.0	NE-RADIO	WKDU	Philadelphia	PA
307.0	NE-RADIO	WXPN	Philadelphia	PA
307.6	NE-VENUE	Hershey Lodge Convention Center	Hershey	PA
308.0	NE-FEST	Art, Wine and Music Festival and Car Show	Medford	NJ
308.2	NE-FEST	Peoples Choice Festival	Boalsburg	PA
308.5	NE-FEST	Haddon Avenue Street Festival	Camden	NJ
308.5	NE-FEST	Camden Music Festival	Camden	NJ
308.6	NE-FEST	Collingswood Second Saturday	Collingswood	NJ
308.7	NE-FEST	New Holland Summer Fest	New Holland	PA
308.7	NE-FEST	Spring Gulch Folk Festival	New Holland	PA
309.0	NE-HOUSE	Wunderlich House Concerts	Lititz	PA
309.0	NE-HOUSE	Concerts at the Beach House	Lansdowne	PA
309.3	NE-VENUE	Zeno's Pub	State College	PA
309.3	NE-VENUE	Pine Grove Hall	State College	PA
311.2	NE-HOUSE	Jackyard House Concerts	West Chester	PA
311.3	NE-HOUSE	Joy House Concerts	Leacock-Leola-Bareville	PA
311.3	NE-FEST	Great Blue Heron Music Festival	Panama	NY
311.5	NE-FEST	Pine Barrens Festival	Tabernacle	NJ
313.2	NE-VENUE	The Cooler Bar and Grille	Sherman	NY
313.5	NE-FEST	Harrisburg Labor Day Celebration	Harrisburg	PA
313.8	NE-HOUSE	Green Barn Studios	E FALLOWFIELD	PA
314.9	NE-FEST	Amos Herr Community Festival	Landisville	PA
315.4	NE-FEST	Philipsburg Heritage Days	Philipsburg	PA
316.5	NE-HOUSE	Lazo House Concert	Camp Hill	PA
316.7	NE-HOUSE	Chestnut House Concerts	Lancaster	PA
316.7	NE-HOUSE	Ruby Red House Concerts	Lancaster	PA
320.1	NE-FEST	Jubilee Day	Mechanicsburg	PA
320.2	NE-FEST	Millersville Music Festival	Millersville	PA
321.9	NE-VENUE	Penn Shore Winery and Vineyards	North East	PA
323.8	NE-VENUE	Painted Finch Gallery, Inc.	Corry	PA
326.1	NE-FEST	Hammonton Fringe Festival	Hammonton	NJ
329.7	NE-HOUSE	1st Avenue Concerts	York	PA
331.2	NE-FEST	Greenwood Furnace Folk Gathering	Huntingdon	PA
333.0	NE-FEST	PA Firefly Festival	Tionesta	PA
334.8	NE-HOUSE	Graffiti Dog Concert Series	Galloway	NJ
336.0	NE-VENUE	BIGBAR	Erie	PA
336.0	NE-VENUE	Hazards Mini Golf Social Pub	Erie	PA
336.0	NE-VENUE	Oliver's Beer Garden	Erie	PA
336.0	NE-VENUE	Six Pack House of Beer	Erie	PA
336.0	NE-VENUE	Sloppy Duck Saloon	Erie	PA
336.0	NE-VENUE	Voodoo Brewery Erie	Erie	PA
336.6	NE-FEST	Titusville Folk and Bluegrass Festival	Titusville	PA
336.6	NE-VENUE	Cross Creek Resort	Titusville	PA
336.6	NE-VENUE	Titusville Iron Works	Titusville	PA
338.2	NE-FEST	Roosterpalooza Music Festival	Spring Grove	PA
341.4	NE-FEST	Altoona in Bloom	Altoona	PA
342.4	NE-FEST	Clarion Autumn Leaf Festival	Clarion	PA
343.4	NE-VENUE	Tennessee Avenue Beer Hall	Atlantic City	NJ
343.7	NE-FEST	Millville Electric Halloween Festival	Millville	NJ
345.2	NE-FEST	Ventnor City Spring Block Party	Ventnor City	NJ
346.1	NE-FEST	Margate Fall Funfest	Margate	NJ
346.2	NE-VENUE	Riverside Brewing Company	Cambridge Springs	PA
346.9	NE-VENUE	Edinboro Lake Resort	Edinboro	PA
347.1	NE-FEST	Somers Point Bayfest	Somers Point	NJ
350.8	NE-FEST	Chaffee Music Festival	Girard	PA
358.8	NE-FEST	Sea Isle City Harbor fest	Sea Isle City	NJ
363.4	NE-RADIO	WTMD	Towson	MD
365.0	NE-FEST	Pioneer Frolic	Sandy Lake	PA
366.1	NE-FEST	Fort Armstrong Folk Festival	Kittanning	PA
370.5	NE-FEST	Wildwoods Food and Music Festival	Wildwood	NJ
370.5	NE-FEST	Wildwood Oktoberfest	Wildwood	NJ
370.5	NE-FEST	Parrot head Festival	Wildwood	NJ
372.5	NE-FEST	Bedford Foliage Festival	Bedford	PA
376.6	NE-FEST	Mercer Summer Celebration	Mercer	PA
379.1	NE-FEST	Apollo Labor United Celebration	Apollo	PA
385.3	NE-FEST	Saint Vincent Parish Festival	Latrobe	PA
389.3	NE-RADIO	WRNR	Annapolis	MD
389.3	NE-FEST	Evans City Oktoberfest	Evans City	PA
392.0	NE-VENUE	Green Beacon Gallery	Greensburg	PA
392.0	NE-VENUE	PBR Pittsburgh	Greensburg	PA
399.7	NE-HOUSE	Hamlin Street Diner	Brentwood	MD
399.9	NE-FEST	Mount Pleasant Mammoth Fest	Mount Pleasant	PA
402.0	NE-FEST	Hamilton Harvest Festival	Pittsburgh	PA
402.0	NE-FEST	Pittsburgh Oktoberfest	Pittsburgh	PA
402.0	NE-VENUE	Club Cafe	Pittsburgh	PA
402.0	NE-RADIO	WPPJ	Pittsburgh	PA
404.0	NE-FEST	Scottdale Fall Festival	Scottdale	PA
406.5	NE-RADIO	WERA	Arlington	VA
408.7	NE-FEST	Springs Folk Festival	Springs	PA
412.7	NE-FEST	Summer on the Avenue	Belle Vernon	PA
529.2	NE-RADIO	WHRV	Norfolk	VA
